timestamp,run_id,area,floor,encounter,card_id,class,energy_cost,combat_turn,target_type,upgrade_level,exhaust,consume,target_enemy,target_ally
1779975486,"5","1","1","normal","shm_fury","Shaman","1","1","enemy","0","0","0","0","-1"
1779975488,"5","1","1","normal","mag_fireball","Mage","2","1","enemy","0","0","0","0","-1"
1779975493,"5","1","1","normal","rng_shot","Ranger","1","1","enemy","0","0","0","0","-1"
1779975499,"5","1","1","normal","rng_shot","Ranger","1","2","enemy","0","0","0","0","-1"
1779975501,"5","1","1","normal","mag_scorch","Mage","0","2","enemy","0","0","0","0","-1"
1779975519,"5","1","1","elite","mag_missiles","Mage","1","1","enemy","0","0","0","1","-1"
1779975521,"5","1","1","elite","rng_aim","Ranger","2","1","enemy","0","0","0","1","-1"
1779975523,"5","1","1","elite","shm_fury","Shaman","1","1","enemy","0","0","0","1","-1"
1779975525,"5","1","1","elite","rng_trap","Ranger","1","1","enemy","0","0","0","0","-1"
1779975533,"5","1","1","elite","mag_frostbolt","Mage","1","2","enemy","0","0","0","0","-1"
1779975534,"5","1","1","elite","mag_fireball","Mage","2","2","enemy","0","0","0","0","-1"
1779975537,"5","1","1","elite","mag_missiles","Mage","1","2","enemy","0","0","0","0","-1"
1779975539,"5","1","1","elite","shm_lightning","Shaman","1","3","enemy","0","0","0","0","-1"
1779975541,"5","1","1","elite","rng_aim","Ranger","2","3","enemy","0","0","0","0","-1"
1779975544,"5","1","1","elite","rng_trap","Ranger","1","4","enemy","0","0","0","0","-1"
1779975545,"5","1","1","elite","rng_multishot","Ranger","1","4","all_enemies","0","0","0","-1","-1"
1779975547,"5","1","1","elite","mag_frostbolt","Mage","1","4","enemy","0","0","0","0","-1"
1779975549,"5","1","1","elite","mag_missiles","Mage","1","5","enemy","0","0","0","0","-1"
1779975552,"5","1","1","elite","mag_fireball","Mage","2","5","enemy","0","0","0","0","-1"
1779975554,"5","1","1","elite","mag_fireball","Mage","2","6","enemy","0","0","0","0","-1"
1779975595,"5","1","1","boss","mag_fireball","Mage","2","1","enemy","1","0","0","1","-1"
1779975599,"5","1","1","boss","shm_fury","Shaman","1","1","enemy","0","0","0","1","-1"
1779975601,"5","1","1","boss","rng_trap","Ranger","1","1","enemy","0","0","0","0","-1"
1779975607,"5","1","1","boss","mag_missiles","Mage","1","1","enemy","0","0","0","1","-1"
1779975612,"5","1","1","boss","mag_scorch","Mage","0","2","enemy","0","0","0","1","-1"
1779975614,"5","1","1","boss","shm_fury","Shaman","1","2","enemy","0","0","0","1","-1"
1779975616,"5","1","1","boss","shm_lightning","Shaman","1","2","enemy","0","0","0","0","-1"
1779975617,"5","1","1","boss","rng_shot","Ranger","1","2","enemy","0","0","0","0","-1"
1779975620,"5","1","1","boss","rng_trap","Ranger","1","2","enemy","0","0","0","0","-1"
1779975623,"5","1","1","boss","mag_fireball","Mage","2","3","enemy","1","0","0","0","-1"
1779975625,"5","1","1","boss","mag_missiles","Mage","1","3","enemy","0","0","0","0","-1"
1779975627,"5","1","1","boss","shm_fury","Shaman","1","4","enemy","0","0","0","0","-1"
1779975629,"5","1","1","boss","shm_silence","Shaman","1","4","enemy","0","0","0","0","-1"
1779975630,"5","1","1","boss","shm_lightning","Shaman","1","4","enemy","0","0","0","0","-1"
1779975632,"5","1","1","boss","mag_fireball","Mage","2","5","enemy","1","0","0","0","-1"
1779975634,"5","1","1","boss","mag_missiles","Mage","1","5","enemy","0","0","0","0","-1"
1779975637,"5","1","1","boss","mag_fireball","Mage","2","6","enemy","1","0","0","0","-1"
1779975672,"5","1","2","normal","mag_fireball","Mage","2","1","enemy","1","0","0","0","-1"
1779975676,"5","1","2","normal","mag_scorch","Mage","0","1","enemy","0","0","0","1","-1"
1779975680,"5","1","2","normal","shm_cataclysm","Shaman","4","2","all_enemies","1","0","0","-1","-1"
1779975682,"5","1","2","normal","mag_scorch","Mage","0","2","enemy","0","0","0","1","-1"
1779977185,"6","1","1","normal","rng_trap","Ranger","1","1","enemy","0","0","0","0","-1"
1779977188,"6","1","1","normal","rng_aim","Ranger","2","1","enemy","0","0","0","0","-1"
1779977189,"6","1","1","normal","rng_multishot","Ranger","1","1","all_enemies","0","0","0","-1","-1"
1779977190,"6","1","1","normal","grd_stance","Guardian","1","1","self","0","0","0","-1","-1"
1779977195,"6","1","1","normal","clr_smite","Cleric","1","2","enemy","0","0","0","0","-1"
1779977198,"6","1","1","normal","rng_shot","Ranger","1","2","enemy","0","0","0","0","-1"
1779977200,"6","1","1","normal","grd_shield_slam","Guardian","1","2","enemy","0","0","0","0","-1"
1779977223,"6","1","1","elite","clr_smite","Cleric","1","1","enemy","0","0","0","1","-1"
1779983846,"7","1","1","normal","rng_multishot","Ranger","1","1","all_enemies","0","0","0","-1","-1"
1779983848,"7","1","1","normal","rng_aim","Ranger","2","1","enemy","0","0","0","0","-1"
1779983850,"7","1","1","normal","rng_trap","Ranger","1","1","enemy","0","0","0","0","-1"
1779983853,"7","1","1","normal","rng_multishot","Ranger","1","2","all_enemies","0","0","0","-1","-1"
1779983855,"7","1","1","normal","rng_aim","Ranger","2","2","enemy","0","0","0","0","-1"
1779983878,"7","1","1","normal","rng_shot","Ranger","1","1","enemy","0","0","0","1","-1"
1779983885,"7","1","1","normal","rng_trap","Ranger","1","2","enemy","0","0","0","1","-1"
1779983887,"7","1","1","normal","rng_aim","Ranger","2","2","enemy","0","0","0","1","-1"
1779983891,"7","1","1","normal","rng_multishot","Ranger","1","2","all_enemies","0","0","0","-1","-1"
1779983895,"7","1","1","normal","clr_smite","Cleric","1","3","enemy","0","0","0","1","-1"
1779983898,"7","1","1","normal","rng_shot","Ranger","1","3","enemy","0","0","0","1","-1"
1779983902,"7","1","1","normal","clr_renew","Cleric","1","3","ally","0","0","0","-1","1"
1779983907,"7","1","1","normal","rng_aim","Ranger","2","4","enemy","0","0","0","0","-1"
1779983908,"7","1","1","normal","clr_smite","Cleric","1","4","enemy","0","0","0","0","-1"
1779983910,"7","1","1","normal","rng_shot","Ranger","1","5","enemy","0","0","0","0","-1"
1779983912,"7","1","1","normal","rng_trap","Ranger","1","5","enemy","0","0","0","0","-1"
1779983915,"7","1","1","normal","clr_smite","Cleric","1","6","enemy","0","0","0","0","-1"
1779983918,"7","1","1","normal","rng_trap","Ranger","1","6","enemy","0","0","0","0","-1"
1779983921,"7","1","1","normal","clr_smite","Cleric","1","7","enemy","0","0","0","0","-1"
1779983926,"7","1","1","normal","rng_shot","Ranger","1","8","enemy","0","0","0","0","-1"
1779983930,"7","1","1","normal","rng_multishot","Ranger","1","9","all_enemies","0","0","0","-1","-1"
1779983932,"7","1","1","normal","clr_smite","Cleric","1","9","enemy","0","0","0","0","-1"
1779984875,"8","1","1","normal","mag_scorch","Mage","0","1","enemy","0","0","0","0","-1"
1779984877,"8","1","1","normal","rog_backstab","Rogue","1","1","enemy","0","0","0","0","-1"
1779984879,"8","1","1","normal","rng_shot","Ranger","1","1","enemy","0","0","0","0","-1"
1779984881,"8","1","1","normal","mag_fireball","Mage","2","1","enemy","0","0","0","0","-1"
1779984882,"8","1","1","normal","rng_multishot","Ranger","1","1","all_enemies","0","0","0","-1","-1"
1779984892,"8","1","1","elite","rog_kick","Rogue","1","1","enemy","0","0","0","1","-1"
1779984894,"8","1","1","elite","rog_backstab","Rogue","1","1","enemy","0","0","0","1","-1"
1779984896,"8","1","1","elite","mag_scorch","Mage","0","1","enemy","0","0","0","1","-1"
1779984904,"8","1","1","elite","mag_frostbolt","Mage","1","1","enemy","0","0","0","1","-1"
1779984906,"8","1","1","elite","rng_shot","Ranger","1","1","enemy","0","0","0","0","-1"
1779984909,"8","1","1","elite","rog_poison","Rogue","1","2","enemy","0","0","0","0","-1"
1779984911,"8","1","1","elite","mag_fireball","Mage","2","2","enemy","0","0","0","0","-1"
1779984916,"8","1","1","elite","rng_aim","Ranger","2","2","enemy","0","0","0","0","-1"
1779984918,"8","1","1","elite","rog_backstab","Rogue","1","3","enemy","0","0","0","0","-1"
1779984920,"8","1","1","elite","mag_scorch","Mage","0","3","enemy","0","0","0","0","-1"
1779984925,"8","1","1","elite","mag_missiles","Mage","1","3","enemy","0","0","0","0","-1"
1779984929,"8","1","1","elite","rog_stealth","Rogue","1","4","self","0","0","0","-1","-1"
1779984932,"8","1","1","elite","mag_fireball","Mage","2","4","enemy","0","0","0","0","-1"
1779984933,"8","1","1","elite","rng_multishot","Ranger","1","4","all_enemies","0","0","0","-1","-1"
1779984935,"8","1","1","elite","rng_shot","Ranger","1","5","enemy","0","0","0","0","-1"
1779984937,"8","1","1","elite","rng_aim","Ranger","2","5","enemy","0","0","0","0","-1"
1779999953,"8","1","1","normal","grd_stance","Guardian","1","1","self","0","0","0","-1","-1"
1779999956,"8","1","1","normal","rog_poison","Rogue","1","1","enemy","0","0","0","0","-1"
1780000114,"8","1","1","normal","rog_poison","Rogue","1","2","enemy","0","0","0","0","-1"
1780000117,"8","1","1","normal","grd_shield_slam","Guardian","1","2","enemy","0","0","0","0","-1"
1780000118,"8","1","1","normal","shm_lightning","Shaman","1","2","enemy","0","0","0","0","-1"
1780000119,"8","1","1","normal","grd_provoke","Guardian","0","2","self","0","0","0","-1","-1"
1780000120,"8","1","1","normal","grd_taunt","Guardian","1","2","self","0","0","0","-1","-1"
1780000124,"8","1","1","normal","rog_kick","Rogue","1","3","enemy","0","0","0","0","-1"
1780000126,"8","1","1","normal","shm_fury","Shaman","1","3","enemy","0","0","0","0","-1"
1780000130,"8","1","1","normal","grd_taunt","Guardian","1","4","self","0","0","0","-1","-1"
1780000135,"8","1","1","normal","rog_backstab","Rogue","1","4","enemy","0","0","0","0","-1"
1780000178,"8","1","1","normal","rog_backstab","Rogue","1","1","enemy","0","0","0","0","-1"
1780000180,"8","1","1","normal","rog_poison","Rogue","1","1","enemy","0","0","0","0","-1"
1780000182,"8","1","1","normal","shm_fury","Shaman","1","1","enemy","0","0","0","0","-1"
1780000189,"8","1","1","normal","rog_backstab","Rogue","1","2","enemy","0","0","0","1","-1"
1780000191,"8","1","1","normal","rog_kick","Rogue","1","2","enemy","0","0","0","0","-1"
1780000204,"8","1","1","normal","grd_shield_slam","Guardian","1","3","enemy","0","0","0","1","-1"
1780000213,"8","1","1","normal","rog_kick","Rogue","1","4","enemy","0","0","0","1","-1"
1780000219,"8","1","1","normal","rog_kick","Rogue","1","5","enemy","0","0","0","1","-1"
1780069456,"8","1","1","normal","clr_smite","Cleric","1","1","enemy","0","0","0","0","-1"
1780069457,"8","1","1","normal","rog_stealth","Rogue","1","1","self","0","0","0","-1","-1"
1780069460,"8","1","1","normal","shm_fury","Shaman","1","1","enemy","0","0","0","0","-1"
1780069467,"8","1","1","normal","clr_heal","Cleric","1","2","ally","0","0","0","-1","2"
1780071649,"8","1","1","normal","shm_silence","Shaman","1","1","enemy","0","0","0","0","-1"
1780071650,"8","1","1","normal","rog_kick","Rogue","1","1","enemy","0","0","0","0","-1"
1780071651,"8","1","1","normal","clr_flash","Cleric","2","1","ally","0","0","0","-1","1"
1780071655,"8","1","1","normal","rog_backstab","Rogue","1","2","enemy","0","0","0","0","-1"
1780071656,"8","1","1","normal","clr_renew","Cleric","1","2","ally","0","0","0","-1","1"
1780071658,"8","1","1","normal","shm_fury","Shaman","1","2","enemy","0","0","0","0","-1"
1780071805,"8","1","1","normal","clr_heal","Cleric","1","3","ally","0","0","0","-1","2"
1780090410,"9","0","1","normal","shm_lightning","Shaman","1","1","enemy","0","0","0","0","-1"
1780090411,"9","0","1","normal","grd_stance","Guardian","1","1","self","0","0","0","-1","-1"
1780090411,"9","0","1","normal","shm_heal_totem","Shaman","1","1","self","0","0","0","-1","-1"
1780090417,"9","0","1","normal","grd_provoke","Guardian","0","2","self","0","0","0","-1","-1"
1780090418,"9","0","1","normal","shm_heal_totem","Shaman","1","2","self","0","0","0","-1","-1"
1780090419,"9","0","1","normal","shm_fury","Shaman","1","2","enemy","0","0","0","0","-1"
1780090420,"9","0","1","normal","clr_smite","Cleric","1","2","enemy","0","0","0","0","-1"
1780090440,"9","0","1","normal","clr_smite","Cleric","1","1","enemy","0","0","0","1","-1"
1780090441,"9","0","1","normal","shm_storm","Shaman","3","1","all_enemies","0","0","0","-1","-1"
1780090445,"9","0","1","normal","grd_shield_slam","Guardian","1","2","enemy","0","0","0","0","-1"
1780090445,"9","0","1","normal","grd_taunt","Guardian","1","2","self","0","0","0","-1","-1"
1780090446,"9","0","1","normal","shm_lightning","Shaman","1","2","enemy","1","0","0","0","-1"
1780090447,"9","0","1","normal","shm_fury","Shaman","1","2","enemy","0","0","0","0","-1"
1780090470,"9","0","1","normal","grd_provoke","Guardian","0","1","self","0","0","0","-1","-1"
1780090471,"9","0","1","normal","grd_shield_slam","Guardian","1","1","enemy","0","0","0","0","-1"
1780090474,"9","0","1","normal","grd_stance","Guardian","1","2","self","0","0","0","-1","-1"
1780090475,"9","0","1","normal","shm_heal_totem","Shaman","1","2","self","0","0","0","-1","-1"
1780090477,"9","0","1","normal","clr_smite","Cleric","1","2","enemy","0","0","0","0","-1"
1780090478,"9","0","1","normal","shm_lightning","Shaman","1","2","enemy","1","0","0","0","-1"
1780090489,"9","0","1","normal","shm_lightning","Shaman","1","1","enemy","1","0","0","0","-1"
1780090492,"9","0","1","normal","grd_shield_slam","Guardian","1","1","enemy","0","0","0","0","-1"
1780090493,"9","0","1","normal","grd_provoke","Guardian","0","1","self","0","0","0","-1","-1"
1780090496,"9","0","1","normal","shm_fury","Shaman","1","2","enemy","0","0","0","0","-1"
1780090499,"9","0","1","normal","shm_storm","Shaman","3","2","all_enemies","0","0","0","-1","-1"
1780090506,"9","0","1","normal","shm_lightning","Shaman","1","1","enemy","1","0","0","0","-1"
1780090509,"9","0","1","normal","shm_heal_totem","Shaman","1","1","self","0","0","0","-1","-1"
1780090510,"9","0","1","normal","grd_provoke","Guardian","0","1","self","0","0","0","-1","-1"
1780090510,"9","0","1","normal","grd_stance","Guardian","1","1","self","0","0","0","-1","-1"
1780090514,"9","0","1","normal","shm_fury","Shaman","1","2","enemy","0","0","0","0","-1"
1780090514,"9","0","1","normal","shm_storm","Shaman","3","2","all_enemies","0","0","0","-1","-1"
1780090516,"9","0","1","normal","grd_taunt","Guardian","1","2","self","0","0","0","-1","-1"
1780090518,"9","0","1","normal","grd_shield_slam","Guardian","1","2","enemy","0","0","0","1","-1"
1780090519,"9","0","1","normal","shm_storm","Shaman","3","3","all_enemies","0","0","0","-1","-1"
1780090533,"9","0","1","boss","clr_smite","Cleric","1","1","enemy","0","0","0","1","-1"
1780090534,"9","0","1","boss","grd_stance","Guardian","1","1","self","0","0","0","-1","-1"
1780090536,"9","0","1","boss","shm_silence","Shaman","1","1","enemy","0","0","0","0","-1"
1780090539,"9","0","1","boss","grd_provoke","Guardian","0","2","self","0","0","0","-1","-1"
1780090540,"9","0","1","boss","grd_taunt","Guardian","1","2","self","0","0","0","-1","-1"
1780090541,"9","0","1","boss","shm_heal_totem","Shaman","1","2","self","0","0","0","-1","-1"
1780090547,"9","0","1","boss","shm_storm","Shaman","3","3","all_enemies","0","0","0","-1","-1"
1780090549,"9","0","1","boss","util_energ","Unknown","0","3","self","0","0","0","-1","-1"
1780090550,"9","0","1","boss","grd_shield_slam","Guardian","1","3","enemy","0","0","0","0","-1"
1780090551,"9","0","1","boss","shm_silence","Shaman","1","3","enemy","0","0","0","0","-1"
1780090555,"9","0","1","boss","grd_provoke","Guardian","0","4","self","0","0","0","-1","-1"
1780090556,"9","0","1","boss","clr_smite","Cleric","1","4","enemy","0","0","0","0","-1"
1780090558,"9","0","1","boss","grd_taunt","Guardian","1","4","self","0","0","0","-1","-1"
1780090559,"9","0","1","boss","grd_stance","Guardian","1","4","self","0","0","0","-1","-1"
1780090561,"9","0","1","boss","shm_lightning","Shaman","1","5","enemy","1","0","0","0","-1"
1780090563,"9","0","1","boss","shm_fury","Shaman","1","5","enemy","0","0","0","0","-1"
1780090566,"9","0","1","boss","grd_stance","Guardian","1","6","self","0","0","0","-1","-1"
1780090567,"9","0","1","boss","shm_silence","Shaman","1","6","enemy","0","0","0","0","-1"
1780090569,"9","0","1","boss","grd_shield_slam","Guardian","1","6","enemy","0","0","0","0","-1"
1780090569,"9","0","1","boss","shm_fury","Shaman","1","6","enemy","0","0","0","0","-1"
1780090570,"9","0","1","boss","clr_smite","Cleric","1","6","enemy","0","0","0","0","-1"
1780090578,"9","0","1","boss","shm_lightning","Shaman","1","8","enemy","1","0","0","0","-1"
1780090578,"9","0","1","boss","shm_storm","Shaman","3","8","all_enemies","0","0","0","-1","-1"
1780090581,"9","0","1","boss","shm_silence","Shaman","1","8","enemy","0","0","0","0","-1"
1780090585,"9","0","1","boss","clr_renew","Cleric","1","8","ally","0","0","0","-1","1"
1780090587,"9","0","1","boss","grd_provoke","Guardian","0","9","self","0","0","0","-1","-1"
1780090588,"9","0","1","boss","grd_shield_slam","Guardian","1","9","enemy","0","0","0","0","-1"
1780090589,"9","0","1","boss","clr_heal","Cleric","1","9","ally","0","0","0","-1","2"
1780090592,"9","0","1","boss","shm_silence","Shaman","1","9","enemy","0","0","0","0","-1"
1780090598,"9","0","1","boss","shm_fury","Shaman","1","10","enemy","0","0","0","0","-1"
1780090942,"9","1","1","normal","clr_smite","Cleric","1","1","enemy","0","0","0","0","-1"
1780090943,"9","1","1","normal","grd_shield_slam","Guardian","1","1","enemy","0","0","0","0","-1"
1780090946,"9","1","1","normal","shm_lightning","Shaman","1","2","enemy","0","0","0","0","-1"
1780090948,"9","1","1","normal","shm_silence","Shaman","1","3","enemy","0","0","0","0","-1"
1780090949,"9","1","1","normal","grd_shield_slam","Guardian","1","3","enemy","0","0","0","0","-1"
1780090950,"9","1","1","normal","shm_fury","Shaman","1","3","enemy","0","0","0","0","-1"
1780090952,"9","1","1","normal","shm_fury","Shaman","1","4","enemy","0","0","0","0","-1"
1780091212,"9","0","1","normal","rng_trap","Ranger","1","1","enemy","0","0","0","0","-1"
1780091212,"9","0","1","normal","rng_aim","Ranger","2","1","enemy","0","0","0","0","-1"
1780091434,"9","0","1","normal","mag_frostbolt","Mage","1","1","enemy","0","0","0","0","-1"
1780091434,"9","0","1","normal","rog_kick","Rogue","1","1","enemy","0","0","0","0","-1"
1780091435,"9","0","1","normal","mag_scorch","Mage","0","1","enemy","0","0","0","0","-1"
1780091445,"9","0","1","elite","mag_fireball","Mage","2","1","enemy","0","0","0","0","-1"
1780091446,"9","0","1","elite","rog_backstab","Rogue","1","1","enemy","0","0","0","1","-1"
1780091447,"9","0","1","elite","mag_frostbolt","Mage","1","1","enemy","0","0","0","0","-1"
1780091448,"9","0","1","elite","rog_poison","Rogue","1","1","enemy","0","0","0","0","-1"
1780091449,"9","0","1","elite","rng_trap","Ranger","1","1","enemy","0","0","0","1","-1"
1780091451,"9","0","1","elite","rng_multishot","Ranger","1","2","all_enemies","0","0","0","-1","-1"
1780091452,"9","0","1","elite","rog_kick","Rogue","1","2","enemy","0","0","0","1","-1"
1780091453,"9","0","1","elite","mag_missiles","Mage","1","2","enemy","0","0","0","1","-1"
1780091454,"9","0","1","elite","rog_poison","Rogue","1","3","enemy","0","0","0","1","-1"
1780091475,"9","0","1","normal","mag_missiles","Mage","1","1","enemy","0","0","0","0","-1"
1780091475,"9","0","1","normal","mag_fireball","Mage","2","1","enemy","0","0","0","0","-1"
1780091476,"9","0","1","normal","rog_backstab","Rogue","1","1","enemy","0","0","0","1","-1"
1780091477,"9","0","1","normal","rog_poison","Rogue","1","1","enemy","0","0","0","1","-1"
1780091478,"9","0","1","normal","rng_trap","Ranger","1","1","enemy","0","0","0","1","-1"
1780091479,"9","0","1","normal","rog_backstab","Rogue","1","2","enemy","0","0","0","1","-1"
1780091480,"9","0","1","normal","mag_scorch","Mage","0","2","enemy","0","0","0","0","-1"
1780091481,"9","0","1","normal","rng_shot","Ranger","1","2","enemy","0","0","0","0","-1"
1780091497,"9","0","1","boss","mag_meteor","Mage","4","1","all_enemies","1","0","0","-1","-1"
1780091535,"9","0","2","normal","mag_meteor","Mage","4","1","all_enemies","1","0","0","-1","-1"
1780091564,"9","0","2","elite","rog_assass","Rogue","4","1","enemy","1","0","0","0","-1"
1780091594,"9","0","2","elite","rog_assass","Rogue","4","1","enemy","1","0","0","0","-1"
1780091650,"9","0","2","normal","rng_shot","Ranger","1","1","enemy","0","0","0","0","-1"
1780091653,"9","0","2","normal","mag_meteor","Mage","4","1","all_enemies","1","0","0","-1","-1"
1780091660,"9","0","2","boss","rog_assass","Rogue","4","1","enemy","1","0","0","0","-1"
1780091664,"9","0","2","boss","rog_evis","Rogue","2","1","enemy","1","0","0","2","-1"
1780091666,"9","0","2","boss","rog_poison","Rogue","1","1","enemy","0","0","0","2","-1"
1780091690,"9","0","3","normal","rog_backstab","Rogue","1","1","enemy","0","0","0","1","-1"
1780091693,"9","0","3","normal","rng_multishot","Ranger","1","1","all_enemies","0","0","0","-1","-1"
1780091693,"9","0","3","normal","rng_multishot","Ranger","1","1","all_enemies","0","0","0","-1","-1"
1780091694,"9","0","3","normal","rng_shot","Ranger","1","1","enemy","0","0","0","0","-1"
1780091694,"9","0","3","normal","rng_multishot","Ranger","1","1","all_enemies","0","0","0","-1","-1"
1780091696,"9","0","3","normal","rog_assass","Rogue","4","2","enemy","1","0","0","1","-1"
1780091697,"9","0","3","normal","util_battle_plan","Unknown","0","2","self","0","1","1","-1","-1"
1780091699,"9","0","3","normal","rng_multishot","Ranger","1","2","all_enemies","0","0","0","-1","-1"
1780091700,"9","0","3","normal","rng_barrage","Ranger","2","3","enemy","1","0","0","0","-1"
1780091701,"9","0","3","normal","rng_multishot","Ranger","1","3","all_enemies","0","0","0","-1","-1"
1780091719,"9","0","3","normal","rog_assass","Rogue","4","1","enemy","1","0","0","0","-1"
1780091727,"9","0","3","normal","rog_assass","Rogue","4","1","enemy","1","0","0","0","-1"
1780091757,"9","0","3","normal","mag_meteor","Mage","4","1","all_enemies","1","0","0","-1","-1"
1780091771,"9","0","3","normal","rog_backstab","Rogue","1","1","enemy","0","0","0","0","-1"
1780091779,"9","0","3","normal","rng_barrage","Ranger","2","1","enemy","1","0","0","0","-1"
1780091780,"9","0","3","normal","rng_multishot","Ranger","1","1","all_enemies","0","0","0","-1","-1"
1780091781,"9","0","3","normal","rng_shot","Ranger","1","1","enemy","0","0","0","1","-1"
1780091782,"9","0","3","normal","rog_kick","Rogue","1","1","enemy","0","0","0","0","-1"
1780091784,"9","0","3","normal","rng_aim","Ranger","2","2","enemy","0","0","0","1","-1"
1780091785,"9","0","3","normal","rog_kick","Rogue","1","2","enemy","0","0","0","0","-1"
1780091786,"9","0","3","normal","rog_evis","Rogue","2","3","enemy","1","0","0","0","-1"
1780091787,"9","0","3","normal","rog_backstab","Rogue","1","3","enemy","0","0","0","0","-1"
1780091794,"9","0","3","boss","rog_backstab","Rogue","1","1","enemy","0","0","0","1","-1"
1780091796,"9","0","3","boss","rog_assass","Rogue","4","1","enemy","1","0","0","1","-1"
1780091796,"9","0","3","boss","rng_multishot","Ranger","1","1","all_enemies","0","0","0","-1","-1"
1780091797,"9","0","3","boss","rng_multishot","Ranger","1","1","all_enemies","0","0","0","-1","-1"
1780091797,"9","0","3","boss","rng_multishot","Ranger","1","2","all_enemies","0","0","0","-1","-1"
1780091799,"9","0","3","boss","rng_aim","Ranger","2","2","enemy","0","0","0","0","-1"
1780091800,"9","0","3","boss","rog_evis","Rogue","2","3","enemy","1","0","0","0","-1"
1780091801,"9","0","3","boss","rog_backstab","Rogue","1","3","enemy","0","0","0","0","-1"
1780091802,"9","0","3","boss","rng_aim","Ranger","2","4","enemy","0","0","0","0","-1"
1780091802,"9","0","3","boss","rng_multishot","Ranger","1","4","all_enemies","0","0","0","-1","-1"
1780091803,"9","0","3","boss","rog_evis","Rogue","2","5","enemy","1","0","0","0","-1"
1780091804,"9","0","3","boss","rng_shot","Ranger","1","5","enemy","0","0","0","0","-1"
1780091804,"9","0","3","boss","rng_multishot","Ranger","1","6","all_enemies","0","0","0","-1","-1"
1780091805,"9","0","3","boss","rog_evis","Rogue","2","6","enemy","1","0","0","0","-1"
1780091806,"9","0","3","boss","rog_backstab","Rogue","1","7","enemy","0","0","0","0","-1"
1780091807,"9","0","3","boss","rng_barrage","Ranger","2","7","enemy","1","0","0","0","-1"
1780092155,"10","0","1","normal","rog_backstab","Rogue","1","1","enemy","0","0","0","0","-1"
1780092156,"10","0","1","normal","shm_lightning","Shaman","1","1","enemy","0","0","0","0","-1"
1780092189,"10","0","1","normal","shm_lightning","Shaman","1","1","enemy","0","0","0","0","-1"
1780092197,"10","0","1","normal","rng_trap","Ranger","1","1","enemy","0","0","0","0","-1"
1780092199,"10","0","1","normal","rog_poison","Rogue","1","1","enemy","0","0","0","0","-1"
1780092200,"10","0","1","normal","rog_stealth","Rogue","1","1","self","0","0","0","-1","-1"
1780092201,"10","0","1","normal","shm_silence","Shaman","1","1","enemy","0","0","0","0","-1"
1780092209,"10","0","1","normal","rog_poison","Rogue","1","2","enemy","0","0","0","0","-1"
1780092211,"10","0","1","normal","rog_kick","Rogue","1","2","enemy","0","0","0","1","-1"
1780092213,"10","0","1","normal","shm_fury","Shaman","1","2","enemy","0","0","0","0","-1"
1780092214,"10","0","1","normal","rng_multishot","Ranger","1","2","all_enemies","0","0","0","-1","-1"
1780092216,"10","0","1","normal","rog_backstab","Rogue","1","3","enemy","1","0","0","1","-1"
1780092227,"10","0","1","normal","rog_backstab","Rogue","1","1","enemy","1","0","0","0","-1"
1780092317,"10","0","1","normal","rng_rain","Ranger","4","1","all_enemies","0","0","0","-1","-1"
1780092318,"10","0","1","normal","rog_kick","Rogue","1","1","enemy","0","0","0","1","-1"
1780092319,"10","0","1","normal","rng_multishot","Ranger","1","2","all_enemies","0","0","0","-1","-1"
1780092320,"10","0","1","normal","rog_stealth","Rogue","1","2","self","0","0","0","-1","-1"
1780092320,"10","0","1","normal","rng_multishot","Ranger","1","2","all_enemies","0","0","0","-1","-1"
1780092321,"10","0","1","normal","rog_backstab","Rogue","1","3","enemy","1","0","0","1","-1"
1780092346,"10","0","1","boss","rng_trap","Ranger","1","1","enemy","0","0","0","0","-1"
1780092349,"10","0","1","boss","rng_rain","Ranger","4","1","all_enemies","1","0","0","-1","-1"
1780092352,"10","0","1","boss","rog_kick","Rogue","1","1","enemy","0","0","0","0","-1"
1780092353,"10","0","1","boss","rng_multishot","Ranger","1","2","all_enemies","0","0","0","-1","-1"
1780092353,"10","0","1","boss","shm_fury","Shaman","1","2","enemy","0","0","0","0","-1"
1780092355,"10","0","1","boss","shm_lightning","Shaman","1","2","enemy","0","0","0","0","-1"
1780092356,"10","0","1","boss","rng_trap","Ranger","1","3","enemy","0","0","0","0","-1"
1780092357,"10","0","1","boss","rng_shot","Ranger","1","3","enemy","0","0","0","0","-1"
1780092357,"10","0","1","boss","rng_multishot","Ranger","1","3","all_enemies","0","0","0","-1","-1"
1780092358,"10","0","1","boss","rng_multishot","Ranger","1","4","all_enemies","0","0","0","-1","-1"
1780092359,"10","0","1","boss","rog_poison","Rogue","1","4","enemy","0","0","0","0","-1"
1780092360,"10","0","1","boss","shm_silence","Shaman","1","4","enemy","0","0","0","0","-1"
1780092361,"10","0","1","boss","shm_fury","Shaman","1","5","enemy","0","0","0","0","-1"
1780115133,"10","1","1","normal","rng_aim","Ranger","2","1","enemy","0","0","0","0","-1"
1780115135,"10","1","1","normal","rog_poison","Rogue","1","1","enemy","0","0","0","0","-1"
1780115135,"10","1","1","normal","rog_backstab","Rogue","1","1","enemy","0","0","0","0","-1"
1780115287,"10","1","1","normal","rog_kick","Rogue","1","1","enemy","0","0","0","0","-1"
1780115319,"10","1","1","normal","rng_shot","Ranger","1","1","enemy","0","0","0","0","-1"
1780115322,"10","1","1","normal","rng_aim","Ranger","2","2","enemy","0","0","0","0","-1"
1780115327,"10","1","1","normal","rng_multishot","Ranger","1","3","all_enemies","0","0","0","-1","-1"
1780115608,"10","1","1","normal","rng_multishot","Ranger","1","19","all_enemies","0","0","0","-1","-1"
1780115609,"10","1","1","normal","rng_aim","Ranger","2","19","enemy","0","0","0","0","-1"
1780115610,"10","1","1","normal","util_energ","Unknown","0","19","self","0","0","0","-1","-1"
1780115612,"10","1","1","normal","rog_stealth","Rogue","1","19","self","0","0","0","-1","-1"
1780115730,"10","1","1","normal","rng_aim","Ranger","2","26","enemy","0","0","0","0","-1"
1780115731,"10","1","1","normal","rng_shot","Ranger","1","26","enemy","0","0","0","0","-1"
1780115733,"10","1","1","normal","rng_trap","Ranger","1","27","enemy","0","0","0","0","-1"
1780115734,"10","1","1","normal","rog_kick","Rogue","1","27","enemy","0","0","0","0","-1"
1780115734,"10","1","1","normal","rog_backstab","Rogue","1","27","enemy","0","0","0","0","-1"
1780115827,"10","1","1","normal","rng_aim","Ranger","2","1","enemy","0","0","0","0","-1"
1780115830,"10","1","1","normal","rog_backstab","Rogue","1","1","enemy","0","0","0","0","-1"
1780115831,"10","1","1","normal","rog_kick","Rogue","1","1","enemy","0","0","0","0","-1"
1780116006,"10","1","1","normal","rng_shot","Ranger","1","1","enemy","0","0","0","0","-1"
1780116008,"10","1","1","normal","rng_trap","Ranger","1","1","enemy","0","0","0","0","-1"
1780116010,"10","1","1","normal","rog_poison","Rogue","1","1","enemy","0","0","0","0","-1"
1780116013,"10","1","1","normal","rog_backstab","Rogue","1","1","enemy","0","0","0","0","-1"
1780116308,"10","1","1","normal","util_energ","Unknown","0","1","self","0","0","0","-1","-1"
1780116309,"10","1","1","normal","rng_multishot","Ranger","1","1","all_enemies","0","0","0","-1","-1"
1780116533,"10","1","1","normal","rng_aim","Ranger","2","1","enemy","0","0","0","0","-1"
1780116536,"10","1","1","normal","rog_backstab","Rogue","1","1","enemy","0","0","0","0","-1"
1780116537,"10","1","1","normal","rog_stealth","Rogue","1","1","self","0","0","0","-1","-1"
1780116541,"10","1","1","normal","rng_trap","Ranger","1","2","enemy","0","0","0","0","-1"
1780117126,"10","1","1","normal","rog_kick","Rogue","1","1","enemy","0","0","0","0","-1"
1780117319,"10","1","1","normal","rog_poison","Rogue","1","15","enemy","0","0","0","0","-1"
1780117321,"10","1","1","normal","rng_shot","Ranger","1","15","enemy","0","0","0","0","-1"
1780117330,"10","1","1","normal","rng_aim","Ranger","2","17","enemy","0","0","0","0","-1"
1780117331,"10","1","1","normal","rng_trap","Ranger","1","17","enemy","0","0","0","0","-1"
1780117333,"10","1","1","normal","clr_smite","Cleric","1","17","enemy","0","0","0","0","-1"
1780117335,"10","1","1","normal","rog_poison","Rogue","1","17","enemy","0","0","0","0","-1"
1780117372,"10","1","1","normal","rog_backstab","Rogue","1","1","enemy","0","0","0","0","-1"
1780117373,"10","1","1","normal","rng_shot","Ranger","1","1","enemy","0","0","0","0","-1"
1780117375,"10","1","1","normal","rog_poison","Rogue","1","1","enemy","0","0","0","0","-1"
1780117381,"10","1","1","normal","rng_shot","Ranger","1","3","enemy","0","0","0","0","-1"
1780117382,"10","1","1","normal","rog_backstab","Rogue","1","3","enemy","0","0","0","0","-1"
1780117426,"10","1","1","normal","rog_backstab","Rogue","1","1","enemy","1","0","0","1","-1"
1780117431,"10","1","1","normal","rog_stealth","Rogue","1","1","self","0","0","0","-1","-1"
1780117432,"10","1","1","normal","rng_aim","Ranger","2","1","enemy","0","0","0","1","-1"
1780117435,"10","1","1","normal","rog_kick","Rogue","1","1","enemy","0","0","0","0","-1"
1780117437,"10","1","1","normal","rng_multishot","Ranger","1","2","all_enemies","1","0","0","-1","-1"
1780117439,"10","1","1","normal","rng_shot","Ranger","1","2","enemy","0","0","0","0","-1"
1780117440,"10","1","1","normal","clr_smite","Cleric","1","2","enemy","0","0","0","0","-1"
1780117443,"10","1","1","normal","clr_renew","Cleric","1","2","ally","0","0","0","-1","2"
1780117450,"10","1","1","normal","clr_renew","Cleric","1","3","ally","0","0","0","-1","0"
1780117452,"10","1","1","normal","rng_trap","Ranger","1","3","enemy","0","0","0","0","-1"
1780117454,"10","1","1","normal","clr_smite","Cleric","1","3","enemy","0","0","0","0","-1"
1780117469,"10","1","1","normal","rng_aim","Ranger","2","1","enemy","0","0","0","0","-1"
1780117470,"10","1","1","normal","rog_evis","Rogue","2","1","enemy","0","0","0","0","-1"
1780117502,"10","1","1","boss","rng_aim","Ranger","2","3","enemy","0","0","0","0","-1"
1780117504,"10","1","1","boss","rog_backstab","Rogue","1","3","enemy","1","0","0","0","-1"
1780117505,"10","1","1","boss","rog_evis","Rogue","2","3","enemy","0","0","0","0","-1"
1780117505,"10","1","1","boss","rng_shot","Ranger","1","3","enemy","0","0","0","0","-1"
1780117508,"10","1","1","boss","rng_multishot","Ranger","1","4","all_enemies","1","0","0","-1","-1"
1780117512,"10","1","1","boss","clr_heal","Cleric","1","4","ally","0","0","0","-1","1"
1780117513,"10","1","1","boss","rog_poison","Rogue","1","4","enemy","0","0","0","0","-1"
1780117523,"10","1","1","boss","clr_smite","Cleric","1","5","enemy","0","0","0","0","-1"
1780117822,"10","1","1","normal","clr_smite","Cleric","1","1","enemy","0","0","0","0","-1"
1780117824,"10","1","1","normal","rng_trap","Ranger","1","1","enemy","0","0","0","0","-1"
1780117825,"10","1","1","normal","rng_multishot","Ranger","1","1","all_enemies","0","0","0","-1","-1"
1780117828,"10","1","1","normal","rog_kick","Rogue","1","2","enemy","0","0","0","0","-1"
1780117829,"10","1","1","normal","rog_stealth","Rogue","1","2","self","0","0","0","-1","-1"
1780117830,"10","1","1","normal","rng_shot","Ranger","1","2","enemy","0","0","0","0","-1"
1780117831,"10","1","1","normal","clr_heal","Cleric","1","2","ally","0","0","0","-1","0"
1780117832,"10","1","1","normal","rng_trap","Ranger","1","2","enemy","0","0","0","0","-1"
1780117871,"10","1","1","normal","clr_renew","Cleric","1","3","ally","0","0","0","-1","2"
1780117872,"10","1","1","normal","clr_flash","Cleric","2","3","ally","0","0","0","-1","0"
1780117874,"10","1","1","normal","clr_smite","Cleric","1","3","enemy","0","0","0","0","-1"
1780118115,"10","1","1","normal","rng_trap","Ranger","1","6","enemy","0","0","0","0","-1"
1780118116,"10","1","1","normal","rng_aim","Ranger","2","6","enemy","0","0","0","0","-1"
1780118117,"10","1","1","normal","clr_heal","Cleric","1","6","ally","0","0","0","-1","1"
1780118120,"10","1","1","normal","rog_backstab","Rogue","1","7","enemy","0","0","0","0","-1"
1780118121,"10","1","1","normal","clr_smite","Cleric","1","7","enemy","0","0","0","0","-1"
1780118127,"10","1","1","normal","clr_renew","Cleric","0","7","ally","0","0","0","-1","2"
1780118130,"10","1","1","normal","rng_shot","Ranger","1","7","enemy","0","0","0","0","-1"
1780118170,"10","1","1","normal","clr_smite","Cleric","1","1","enemy","0","0","0","0","-1"
1780118171,"10","1","1","normal","clr_heal","Cleric","1","1","ally","0","0","0","-1","1"
1780118174,"10","1","1","normal","clr_flash","Cleric","2","1","ally","0","0","0","-1","2"
1780118175,"10","1","1","normal","util_energ","Unknown","0","1","self","0","0","0","-1","-1"
1780118177,"10","1","1","normal","rog_kick","Rogue","1","1","enemy","0","0","0","0","-1"
1780118184,"10","1","1","normal","rng_trap","Ranger","1","2","enemy","0","0","0","0","-1"
1780118185,"10","1","1","normal","rog_stealth","Rogue","1","2","self","0","0","0","-1","-1"
1780118189,"10","1","1","normal","rog_stealth","Rogue","1","3","self","0","0","0","-1","-1"
1780118192,"10","1","1","normal","clr_renew","Cleric","1","3","ally","0","0","0","-1","2"
1780118194,"10","1","1","normal","curse_doubt","Unknown","1","3","self","0","0","0","-1","-1"
1780118203,"10","1","1","normal","rng_multishot","Ranger","1","3","all_enemies","0","0","0","-1","-1"
1780118205,"10","1","1","normal","rog_backstab","Rogue","1","3","enemy","0","0","0","0","-1"
1780118208,"10","1","1","normal","rog_kick","Rogue","1","4","enemy","0","0","0","0","-1"
1780118211,"10","1","1","normal","clr_heal","Cleric","1","4","ally","0","0","0","-1","0"
1780118213,"10","1","1","normal","clr_flash","Cleric","0","4","ally","0","0","0","-1","1"
1780118215,"10","1","1","normal","rng_trap","Ranger","1","4","enemy","0","0","0","0","-1"
1780118218,"10","1","1","normal","util_energ","Unknown","0","5","self","0","0","0","-1","-1"
1780118229,"10","1","1","normal","clr_smite","Cleric","1","5","enemy","0","0","0","0","-1"
1780118235,"10","1","1","normal","rog_shadow","Rogue","3","5","enemy","2","0","0","0","-1"
1780118252,"10","1","1","normal","curse_doubt","Unknown","1","1","self","0","0","0","-1","-1"
1780118353,"10","1","1","normal","mag_scorch","Mage","0","1","enemy","0","0","0","0","-1"
1780118353,"10","1","1","normal","mag_frostbolt","Mage","1","1","enemy","0","0","0","0","-1"
1780118354,"10","1","1","normal","mag_missiles","Mage","1","1","enemy","0","0","0","0","-1"
1780118355,"10","1","1","normal","rng_trap","Ranger","1","1","enemy","0","0","0","0","-1"
1780118356,"10","1","1","normal","util_energ","Unknown","0","1","self","0","0","0","-1","-1"
1780118358,"10","1","1","normal","mag_scorch","Mage","0","2","enemy","0","0","0","0","-1"
1780118359,"10","1","1","normal","mag_frostbolt","Mage","1","2","enemy","0","0","0","0","-1"
1780118359,"10","1","1","normal","rog_kick","Rogue","1","2","enemy","0","0","0","0","-1"
1780118360,"10","1","1","normal","rng_aim","Ranger","2","2","enemy","0","0","0","0","-1"
1780118378,"10","1","1","normal","mag_meteor","Mage","4","1","all_enemies","1","0","0","-1","-1"
1780118386,"10","1","1","normal","mag_meteor","Mage","4","1","all_enemies","1","0","0","-1","-1"
1780118434,"11","1","1","normal","rng_shot","Ranger","1","1","enemy","0","0","0","0","-1"
1780118434,"11","1","1","normal","mag_frostbolt","Mage","1","1","enemy","0","0","0","0","-1"
1780118435,"11","1","1","normal","rng_aim","Ranger","2","1","enemy","0","0","0","0","-1"
1780118436,"11","1","1","normal","rog_poison","Rogue","1","1","enemy","0","0","0","0","-1"
1780118449,"11","1","1","normal","mag_missiles","Mage","1","1","enemy","0","0","0","0","-1"
1780118449,"11","1","1","normal","rng_multishot","Ranger","1","1","all_enemies","0","0","0","-1","-1"
1780118450,"11","1","1","normal","mag_frostbolt","Mage","1","1","enemy","0","0","0","1","-1"
1780118450,"11","1","1","normal","mag_fireball","Mage","2","1","enemy","0","0","0","1","-1"
1780118563,"11","1","1","normal","rog_kick","Rogue","1","1","enemy","0","0","0","0","-1"
1780118564,"11","1","1","normal","rog_poison","Rogue","1","1","enemy","0","0","0","0","-1"
1780118565,"11","1","1","normal","util_energ","Unknown","0","1","self","0","0","0","-1","-1"
1780118567,"11","1","1","normal","rog_poison","Rogue","1","2","enemy","0","0","0","0","-1"
1780118568,"11","1","1","normal","rng_shot","Ranger","1","2","enemy","0","0","0","0","-1"
1780118568,"11","1","1","normal","rog_stealth","Rogue","1","2","self","0","0","0","-1","-1"
1780118569,"11","1","1","normal","clr_renew","Cleric","1","2","ally","0","0","0","-1","1"
1780118570,"11","1","1","normal","clr_smite","Cleric","0","2","enemy","0","0","0","0","-1"
1780118572,"11","1","1","normal","rog_kick","Rogue","1","3","enemy","0","0","0","0","-1"
1780118574,"11","1","1","normal","clr_heal","Cleric","1","3","ally","0","0","0","-1","2"
1780118574,"11","1","1","normal","clr_flash","Cleric","0","3","ally","0","0","0","-1","0"
1780118575,"11","1","1","normal","rng_multishot","Ranger","1","3","all_enemies","0","0","0","-1","-1"
1780118605,"11","1","1","normal","rng_shot","Ranger","1","1","enemy","0","0","0","0","-1"
1780118606,"11","1","1","normal","mag_fireball","Mage","2","1","enemy","0","0","0","0","-1"
1780118606,"11","1","1","normal","rog_stealth","Rogue","1","1","self","0","0","0","-1","-1"
1780118607,"11","1","1","normal","mag_missiles","Mage","1","1","enemy","0","0","0","0","-1"
1780118608,"11","1","1","normal","rog_poison","Rogue","1","1","enemy","0","0","0","0","-1"
1780118614,"11","1","1","normal","mag_scorch","Mage","0","1","enemy","0","0","0","1","-1"
1780118615,"11","1","1","normal","mag_frostbolt","Mage","1","1","enemy","0","0","0","1","-1"
1780118616,"11","1","1","normal","rog_poison","Rogue","1","1","enemy","0","0","0","0","-1"
1780118617,"11","1","1","normal","rng_aim","Ranger","2","1","enemy","0","0","0","0","-1"
1780118618,"11","1","1","normal","rog_stealth","Rogue","1","1","self","0","0","0","-1","-1"
1780118625,"11","1","1","normal","rng_rain","Ranger","4","2","all_enemies","0","0","0","-1","-1"
1780118626,"11","1","1","normal","util_energ","Unknown","0","2","self","0","0","0","-1","-1"
1780118634,"11","1","1","normal","mag_missiles","Mage","1","3","enemy","0","0","0","1","-1"
1780118635,"11","1","1","normal","rng_aim","Ranger","2","3","enemy","0","0","0","1","-1"
1780118636,"11","1","1","normal","rng_trap","Ranger","1","3","enemy","0","0","0","0","-1"
1780118637,"11","1","1","normal","mag_scorch","Mage","0","3","enemy","0","0","0","0","-1"
1780118639,"11","1","1","normal","rog_backstab","Rogue","1","4","enemy","0","0","0","0","-1"
1780118661,"11","1","1","elite","rng_rain","Ranger","4","1","all_enemies","1","0","0","-1","-1"
1780118662,"11","1","1","elite","rog_poison","Rogue","1","1","enemy","0","0","0","0","-1"
1780118663,"11","1","1","elite","mag_scorch","Mage","0","1","enemy","0","0","0","0","-1"
1780118664,"11","1","1","elite","rog_backstab","Rogue","1","1","enemy","0","0","0","0","-1"
1780118667,"11","1","1","elite","mag_frostbolt","Mage","1","2","enemy","0","0","0","0","-1"
1780118668,"11","1","1","elite","rng_shot","Ranger","1","2","enemy","0","0","0","0","-1"
1780118669,"11","1","1","elite","rng_trap","Ranger","1","2","enemy","0","0","0","0","-1"
1780118671,"11","1","1","elite","rog_backstab","Rogue","1","3","enemy","0","0","0","0","-1"
1780118675,"11","1","1","elite","rng_pounce","Ranger","1","3","enemy","0","0","0","0","-1"
1780118675,"11","1","1","elite","rng_trap","Ranger","1","3","enemy","0","0","0","0","-1"
1780118676,"11","1","1","elite","rog_kick","Rogue","1","3","enemy","0","0","0","0","-1"
1780118702,"11","1","1","elite","mag_inferno","Mage","3","1","enemy","0","0","0","0","-1"
1780118706,"11","1","1","elite","rog_backstab","Rogue","1","1","enemy","0","0","0","0","-1"
1780118711,"11","1","1","elite","rng_multishot","Ranger","1","1","all_enemies","0","0","0","-1","-1"
1780118713,"11","1","1","elite","mag_missiles","Mage","1","1","enemy","0","0","0","0","-1"
1780118720,"11","1","1","elite","mag_scorch","Mage","0","2","enemy","0","0","0","0","-1"
1780118721,"11","1","1","elite","mag_fireball","Mage","2","2","enemy","0","0","0","0","-1"
1780118722,"11","1","1","elite","util_energ","Unknown","0","2","self","0","0","0","-1","-1"
1780118734,"11","1","1","elite","rog_backstab","Rogue","1","3","enemy","0","0","0","0","-1"
1780118735,"11","1","1","elite","rog_poison","Rogue","1","3","enemy","0","0","0","0","-1"
1780118736,"11","1","1","elite","mag_missiles","Mage","1","3","enemy","0","0","0","1","-1"
1780118737,"11","1","1","elite","mag_frostbolt","Mage","1","3","enemy","0","0","0","1","-1"
1780118737,"11","1","1","elite","util_energ","Unknown","0","3","self","0","0","0","-1","-1"
1780118766,"11","1","1","boss","rog_shadow","Rogue","3","1","enemy","0","0","0","1","-1"
1780118774,"11","1","1","boss","util_energ","Unknown","0","1","self","0","0","0","-1","-1"
1780118775,"11","1","1","boss","rog_backstab","Rogue","1","1","enemy","0","0","0","1","-1"
1780118775,"11","1","1","boss","mag_fireball","Mage","2","1","enemy","0","0","0","1","-1"
1780118781,"11","1","1","boss","mag_frostbolt","Mage","1","1","enemy","0","0","0","0","-1"
1780118788,"11","1","1","boss","mag_scorch","Mage","0","2","enemy","0","0","0","1","-1"
1780118789,"11","1","1","boss","mag_missiles","Mage","1","2","enemy","0","0","0","0","-1"
1780118791,"11","1","1","boss","rog_backstab","Rogue","1","2","enemy","0","0","0","1","-1"
1780118792,"11","1","1","boss","rog_kick","Rogue","1","2","enemy","0","0","0","0","-1"
1780118796,"11","1","1","boss","rog_kick","Rogue","1","3","enemy","0","0","0","0","-1"
1780118797,"11","1","1","boss","util_energ","Unknown","0","3","self","0","0","0","-1","-1"
1780118798,"11","1","1","boss","rog_shadow","Rogue","3","3","enemy","0","0","0","0","-1"
1780119081,"11","1","1","boss","mag_scorch","Mage","0","4","enemy","0","0","0","0","-1"
1780119103,"12","1","1","normal","clr_heal","Cleric","1","1","ally","0","0","0","-1","1"
1780119107,"12","1","1","normal","clr_flash","Cleric","2","2","ally","0","0","0","-1","1"
1780119110,"12","1","1","normal","clr_heal","Cleric","1","3","ally","0","0","0","-1","2"
1780119115,"12","1","1","normal","util_energ","Unknown","0","4","self","0","0","0","-1","-1"
1780119116,"12","1","1","normal","grd_provoke","Guardian","0","4","self","0","0","0","-1","-1"
1780119118,"12","1","1","normal","grd_shield_slam","Guardian","1","4","enemy","0","0","0","0","-1"
1780119121,"12","1","1","normal","clr_flash","Cleric","2","5","ally","0","0","0","-1","0"
1780119123,"12","1","1","normal","clr_heal","Cleric","1","5","ally","0","0","0","-1","1"
1780119124,"12","1","1","normal","shm_heal_totem","Shaman","1","5","self","0","0","0","-1","-1"
1780119127,"12","1","1","normal","grd_stance","Guardian","1","6","self","0","0","0","-1","-1"
1780119127,"12","1","1","normal","grd_taunt","Guardian","1","6","self","0","0","0","-1","-1"
1780119128,"12","1","1","normal","shm_silence","Shaman","1","6","enemy","0","0","0","0","-1"
1780119134,"12","1","1","normal","clr_heal","Cleric","1","7","ally","0","0","0","-1","2"
1780119136,"12","1","1","normal","clr_flash","Cleric","2","7","ally","0","0","0","-1","1"
1780119137,"12","1","1","normal","grd_shield_slam","Guardian","1","7","enemy","0","0","0","0","-1"
1780119138,"12","1","1","normal","shm_heal_totem","Shaman","1","7","self","0","0","0","-1","-1"
1780119141,"12","1","1","normal","clr_heal","Cleric","1","8","ally","0","0","0","-1","1"
1780119142,"12","1","1","normal","grd_provoke","Guardian","0","8","self","0","0","0","-1","-1"
1780119143,"12","1","1","normal","clr_smite","Cleric","1","8","enemy","0","0","0","0","-1"
1780119144,"12","1","1","normal","shm_fury","Shaman","1","8","enemy","0","0","0","0","-1"
1780119146,"12","1","1","normal","shm_silence","Shaman","1","9","enemy","0","0","0","0","-1"
1780119148,"12","1","1","normal","util_energ","Unknown","0","9","self","0","0","0","-1","-1"
1780119148,"12","1","1","normal","grd_taunt","Guardian","1","9","self","0","0","0","-1","-1"
1780119150,"12","1","1","normal","clr_flash","Cleric","2","9","ally","0","0","0","-1","2"
1780119153,"12","1","1","normal","grd_provoke","Guardian","0","10","self","0","0","0","-1","-1"
1780119154,"12","1","1","normal","shm_heal_totem","Shaman","1","10","self","0","0","0","-1","-1"
1780119156,"12","1","1","normal","clr_renew","Cleric","1","10","ally","0","0","0","-1","1"
1780119157,"12","1","1","normal","grd_shield_slam","Guardian","1","10","enemy","0","0","0","0","-1"
1780119160,"12","1","1","normal","grd_stance","Guardian","1","11","self","0","0","0","-1","-1"
1780119161,"12","1","1","normal","grd_taunt","Guardian","1","11","self","0","0","0","-1","-1"
1780119164,"12","1","1","normal","shm_lightning","Shaman","1","11","enemy","0","0","0","0","-1"
1780119182,"12","1","1","normal","grd_taunt","Guardian","1","1","self","0","0","0","-1","-1"
1780119183,"12","1","1","normal","grd_provoke","Guardian","0","1","self","0","0","0","-1","-1"
1780119185,"12","1","1","normal","clr_renew","Cleric","1","1","ally","0","0","0","-1","2"
1780119206,"12","1","1","normal","shm_heal_totem","Shaman","1","2","self","0","0","0","-1","-1"
1780119207,"12","1","1","normal","grd_stance","Guardian","1","2","self","0","0","0","-1","-1"
1780119210,"12","1","1","normal","clr_smite","Cleric","1","2","enemy","0","0","0","1","-1"
1780119229,"12","1","1","normal","grd_provoke","Guardian","0","3","self","0","0","0","-1","-1"
1780119230,"12","1","1","normal","grd_taunt","Guardian","1","3","self","0","0","0","-1","-1"
1780119233,"12","1","1","normal","grd_shield_slam","Guardian","1","3","enemy","0","0","0","1","-1"
1780119234,"12","1","1","normal","clr_renew","Cleric","1","3","ally","0","0","0","-1","2"
1780119242,"12","1","1","normal","clr_flash","Cleric","2","4","ally","0","0","0","-1","1"
1780119244,"12","1","1","normal","shm_heal_totem","Shaman","1","4","self","0","0","0","-1","-1"
1780119246,"12","1","1","normal","clr_heal","Cleric","1","4","ally","0","0","0","-1","2"
1780119247,"12","1","1","normal","util_energ","Unknown","0","4","self","0","0","0","-1","-1"
1780119252,"12","1","1","normal","grd_provoke","Guardian","0","5","self","0","0","0","-1","-1"
1780119254,"12","1","1","normal","clr_renew","Cleric","1","5","ally","0","0","0","-1","2"
1780119272,"12","1","1","normal","clr_smite","Cleric","1","13","enemy","0","0","0","1","-1"
1780119274,"12","1","1","normal","clr_flash","Cleric","2","13","ally","0","0","0","-1","0"
1780119274,"12","1","1","normal","shm_heal_totem","Shaman","1","13","self","0","0","0","-1","-1"
1780119276,"12","1","1","normal","shm_silence","Shaman","1","13","enemy","0","0","0","0","-1"
1780119278,"12","1","1","normal","shm_fury","Shaman","1","13","enemy","0","0","0","1","-1"
1780119281,"12","1","1","normal","grd_shield_slam","Guardian","1","14","enemy","0","0","0","1","-1"
1780119283,"12","1","1","normal","clr_renew","Cleric","1","14","ally","0","0","0","-1","0"
1780119285,"12","1","1","normal","util_energ","Unknown","0","14","self","0","0","0","-1","-1"
1780119287,"12","1","1","normal","shm_heal_totem","Shaman","1","14","self","0","0","0","-1","-1"
1780119288,"12","1","1","normal","shm_lightning","Shaman","1","14","enemy","0","0","0","1","-1"
1780119291,"12","1","1","normal","grd_provoke","Guardian","0","15","self","0","0","0","-1","-1"
1780119294,"12","1","1","normal","clr_heal","Cleric","1","15","ally","0","0","0","-1","1"
1780119294,"12","1","1","normal","grd_taunt","Guardian","1","15","self","0","0","0","-1","-1"
1780119295,"12","1","1","normal","clr_smite","Cleric","1","15","enemy","0","0","0","1","-1"
1780119299,"12","1","1","normal","clr_flash","Cleric","2","16","ally","0","0","0","-1","0"
1780119301,"12","1","1","normal","shm_silence","Shaman","1","16","enemy","0","0","0","0","-1"
1780119304,"12","1","1","normal","shm_lightning","Shaman","1","17","enemy","0","0","0","0","-1"
1780119304,"12","1","1","normal","grd_provoke","Guardian","0","17","self","0","0","0","-1","-1"
1780119305,"12","1","1","normal","grd_taunt","Guardian","1","17","self","0","0","0","-1","-1"
1780119307,"12","1","1","normal","clr_renew","Cleric","1","17","ally","0","0","0","-1","2"
1780119310,"12","1","1","normal","grd_shield_slam","Guardian","1","18","enemy","0","0","0","0","-1"
1780119311,"12","1","1","normal","util_energ","Unknown","0","18","self","0","0","0","-1","-1"
1780119312,"12","1","1","normal","clr_smite","Cleric","1","18","enemy","0","0","0","0","-1"
1780119313,"12","1","1","normal","shm_heal_totem","Shaman","1","18","self","0","0","0","-1","-1"
1780119313,"12","1","1","normal","shm_heal_totem","Shaman","1","18","self","0","0","0","-1","-1"
1780119319,"12","1","1","normal","clr_flash","Cleric","2","19","ally","0","0","0","-1","0"
1780119320,"12","1","1","normal","clr_renew","Cleric","1","19","ally","0","0","0","-1","0"
1780119486,"12","0","1","normal","rng_multishot","Ranger","1","1","all_enemies","0","0","0","-1","-1"
1780119487,"12","0","1","normal","mag_fireball","Mage","2","1","enemy","0","0","0","0","-1"
1780119488,"12","0","1","normal","mag_missiles","Mage","1","1","enemy","0","0","0","0","-1"
1780119501,"12","0","1","normal","mag_scorch","Mage","0","1","enemy","0","0","0","0","-1"
1780119502,"12","0","1","normal","mag_fireball","Mage","2","1","enemy","0","0","0","0","-1"
1780119503,"12","0","1","normal","rog_poison","Rogue","1","1","enemy","0","0","0","0","-1"
1780119503,"12","0","1","normal","rog_stealth","Rogue","1","1","self","0","0","0","-1","-1"
1780119504,"12","0","1","normal","util_energ","Unknown","0","1","self","0","0","0","-1","-1"
1780119507,"12","0","1","normal","rng_trap","Ranger","1","2","enemy","0","0","0","0","-1"
1780119508,"12","0","1","normal","rog_kick","Rogue","1","2","enemy","0","0","0","0","-1"
1780119509,"12","0","1","normal","mag_missiles","Mage","1","2","enemy","0","0","0","0","-1"
1780119521,"12","0","1","normal","mag_scorch","Mage","0","1","enemy","0","0","0","0","-1"
1780119522,"12","0","1","normal","rog_backstab","Rogue","1","1","enemy","0","0","0","0","-1"
1780119522,"12","0","1","normal","mag_frostbolt","Mage","1","1","enemy","0","0","0","0","-1"
1780119523,"12","0","1","normal","rng_aim","Ranger","2","1","enemy","0","0","0","0","-1"
1780119524,"12","0","1","normal","mag_fireball","Mage","2","1","enemy","0","0","0","1","-1"
1780119527,"12","0","1","normal","util_aegis_charm","Unknown","1","2","all_allies","0","1","1","-1","-1"
1780119528,"12","0","1","normal","util_energ","Unknown","0","2","self","0","0","0","-1","-1"
1780119529,"12","0","1","normal","rog_kick","Rogue","1","2","enemy","0","0","0","1","-1"
1780119529,"12","0","1","normal","rog_stealth","Rogue","1","2","self","0","0","0","-1","-1"
1780119530,"12","0","1","normal","rog_poison","Rogue","1","2","enemy","0","0","0","1","-1"
1780119544,"12","0","1","normal","mag_scorch","Mage","0","1","enemy","0","0","0","0","-1"
1780119545,"12","0","1","normal","rog_assass","Rogue","4","1","enemy","0","0","0","0","-1"
1780119563,"12","0","1","boss","rog_kick","Rogue","1","1","enemy","0","0","0","1","-1"
1780119583,"12","0","1","boss","mag_scorch","Mage","0","2","enemy","0","0","0","1","-1"
1780119584,"12","0","1","boss","rng_multishot","Ranger","1","2","all_enemies","0","0","0","-1","-1"
1780119585,"12","0","1","boss","rng_rain","Ranger","4","2","all_enemies","0","0","0","-1","-1"
1780119586,"12","0","1","boss","rog_stealth","Rogue","1","2","self","0","0","0","-1","-1"
1780119598,"12","0","1","boss","rng_trap","Ranger","1","3","enemy","0","0","0","0","-1"
1780119606,"12","0","1","boss","rog_evis","Rogue","2","4","enemy","0","0","0","0","-1"
1780119607,"12","0","1","boss","rng_aim","Ranger","2","4","enemy","0","0","0","0","-1"
1780119608,"12","0","1","boss","mag_fireball","Mage","2","4","enemy","0","0","0","0","-1"
1780119608,"12","0","1","boss","util_energ","Unknown","0","4","self","0","0","0","-1","-1"
1780119609,"12","0","1","boss","rng_multishot","Ranger","1","4","all_enemies","0","0","0","-1","-1"
1780119613,"12","0","1","boss","mag_scorch","Mage","0","5","enemy","0","0","0","0","-1"
1780119615,"12","0","1","boss","rog_backstab","Rogue","1","5","enemy","0","0","0","0","-1"
1780119615,"12","0","1","boss","rog_poison","Rogue","1","5","enemy","0","0","0","0","-1"
1780119616,"12","0","1","boss","rog_stealth","Rogue","1","5","self","0","0","0","-1","-1"
1780119618,"12","0","1","boss","rog_kick","Rogue","1","6","enemy","0","0","0","0","-1"
1780119618,"12","0","1","boss","rng_multishot","Ranger","1","6","all_enemies","0","0","0","-1","-1"
1780119619,"12","0","1","boss","mag_missiles","Mage","1","6","enemy","0","0","0","0","-1"
1780195749,"12","1","1","normal","clr_smite","Cleric","1","1","enemy","0","0","0","0","-1"
1780195753,"12","1","1","normal","rog_backstab","Rogue","1","1","enemy","0","0","0","0","-1"
1780195755,"12","1","1","normal","rog_stealth","Rogue","1","1","self","0","0","0","-1","-1"
1780195755,"12","1","1","normal","util_energ","Unknown","0","1","self","0","0","0","-1","-1"
1780195759,"12","1","1","normal","rog_backstab","Rogue","1","2","enemy","0","0","0","0","-1"
1780195762,"12","1","1","normal","rng_shot","Ranger","1","2","enemy","0","0","0","0","-1"
1780195763,"12","1","1","normal","rog_kick","Rogue","1","2","enemy","0","0","0","0","-1"
1780195764,"12","1","1","normal","rng_multishot","Ranger","1","2","all_enemies","0","0","0","-1","-1"
1780195820,"12","1","1","normal","rog_poison","Rogue","1","1","enemy","0","0","0","0","-1"
1780195821,"12","1","1","normal","rng_trap","Ranger","1","1","enemy","0","0","0","0","-1"
1780195826,"12","1","1","normal","rog_backstab","Rogue","1","2","enemy","0","0","0","0","-1"
1780195827,"12","1","1","normal","clr_smite","Cleric","1","2","enemy","0","0","0","0","-1"
1780195832,"12","1","1","normal","rng_rain","Ranger","4","2","all_enemies","1","0","0","-1","-1"
1780195845,"12","1","1","normal","rog_shadow","Rogue","3","1","enemy","0","0","0","1","-1"
1780195847,"12","1","1","normal","clr_smite","Cleric","1","1","enemy","0","0","0","1","-1"
1780195850,"12","1","1","normal","clr_flash","Cleric","0","1","ally","0","0","0","-1","1"
1780195855,"12","1","1","normal","clr_renew","Cleric","1","2","ally","0","0","0","-1","2"
1780195856,"12","1","1","normal","clr_heal","Cleric","1","2","ally","0","0","0","-1","0"
1780195863,"12","1","1","normal","rng_aim","Ranger","2","3","enemy","0","0","0","1","-1"
1780195865,"12","1","1","normal","rog_poison","Rogue","1","3","enemy","0","0","0","0","-1"
1780195865,"12","1","1","normal","rog_kick","Rogue","1","3","enemy","0","0","0","0","-1"
1780195868,"12","1","1","normal","rng_trap","Ranger","1","4","enemy","0","0","0","0","-1"
1780195868,"12","1","1","normal","rog_backstab","Rogue","1","4","enemy","0","0","0","0","-1"
1780195869,"12","1","1","normal","clr_smite","Cleric","1","4","enemy","0","0","0","0","-1"
1780195871,"12","1","1","normal","rng_rain","Ranger","4","5","all_enemies","1","0","0","-1","-1"
1780195873,"12","1","1","normal","rng_shot","Ranger","1","5","enemy","0","0","0","0","-1"
1780195886,"12","1","1","boss","rog_shadow","Rogue","3","1","enemy","0","0","0","1","-1"
1780195887,"12","1","1","boss","rng_aim","Ranger","2","1","enemy","0","0","0","1","-1"
1780195890,"12","1","1","boss","util_energ","Unknown","0","1","self","0","0","0","-1","-1"
1780195891,"12","1","1","boss","clr_renew","Cleric","1","1","ally","0","0","0","-1","1"
1780195892,"12","1","1","boss","clr_heal","Cleric","1","1","ally","0","0","0","-1","1"
1780195896,"12","1","1","boss","clr_smite","Cleric","1","2","enemy","0","0","0","1","-1"
1780195898,"12","1","1","boss","rng_multishot","Ranger","1","2","all_enemies","0","0","0","-1","-1"
1780195901,"12","1","1","boss","rog_backstab","Rogue","1","2","enemy","0","0","0","1","-1"
1780195912,"12","1","1","boss","rog_poison","Rogue","1","3","enemy","0","0","0","0","-1"
1780195914,"12","1","1","boss","clr_renew","Cleric","1","3","ally","0","0","0","-1","2"
1780195915,"12","1","1","boss","rng_shot","Ranger","1","3","enemy","0","0","0","0","-1"
1780195918,"12","1","1","boss","util_energ","Unknown","0","4","self","0","0","0","-1","-1"
1780195921,"12","1","1","boss","clr_flash","Cleric","2","4","ally","0","0","0","-1","0"
1780195922,"12","1","1","boss","clr_smite","Cleric","1","4","enemy","0","0","0","0","-1"
1780195926,"12","1","1","boss","rng_trap","Ranger","1","5","enemy","0","0","0","0","-1"
1780195928,"12","1","1","boss","rog_shadow","Rogue","3","5","enemy","0","0","0","0","-1"
1780195932,"12","1","1","boss","rog_backstab","Rogue","1","6","enemy","0","0","0","0","-1"
1780195933,"12","1","1","boss","rng_trap","Ranger","1","6","enemy","0","0","0","0","-1"
1780195936,"12","1","1","boss","clr_renew","Cleric","1","6","ally","0","0","0","-1","1"
1780195940,"12","1","1","boss","clr_smite","Cleric","1","7","enemy","0","0","0","0","-1"
1780195942,"12","1","1","boss","rog_kick","Rogue","1","7","enemy","0","0","0","0","-1"
1780195945,"12","1","1","boss","util_energ","Unknown","0","7","self","0","0","0","-1","-1"
1780195947,"12","1","1","boss","clr_heal","Cleric","1","7","ally","0","0","0","-1","0"
1780195953,"12","1","1","boss","rog_stealth","Rogue","1","8","self","0","0","0","-1","-1"
1780195959,"12","1","1","boss","rng_shot","Ranger","1","8","enemy","0","0","0","0","-1"
1780195961,"12","1","1","boss","rog_shadow","Rogue","3","8","enemy","0","0","0","0","-1"
1780195962,"12","1","1","boss","rog_poison","Rogue","1","8","enemy","0","0","0","0","-1"
1780195968,"12","1","1","boss","clr_smite","Cleric","1","9","enemy","0","0","0","0","-1"
1780195972,"12","1","1","boss","rog_kick","Rogue","1","9","enemy","0","0","0","0","-1"
1780195998,"12","1","2","normal","rng_multishot","Ranger","1","1","all_enemies","1","0","0","-1","-1"
1780196000,"12","1","2","normal","rng_multishot","Ranger","1","1","all_enemies","0","0","0","-1","-1"
1780196002,"12","1","2","normal","rog_poison","Rogue","1","1","enemy","0","0","0","1","-1"
1780196004,"12","1","2","normal","clr_flash","Cleric","2","1","ally","0","0","0","-1","2"
1780196010,"12","1","2","normal","rng_rain","Ranger","4","2","all_enemies","1","0","0","-1","-1"
1780196014,"12","1","2","normal","rng_multishot","Ranger","1","3","all_enemies","1","0","0","-1","-1"
1780196018,"12","1","2","normal","clr_renew","Cleric","1","3","ally","0","0","0","-1","0"
1780196021,"12","1","2","normal","clr_heal","Cleric","1","4","ally","0","0","0","-1","1"
1780196023,"12","1","2","normal","rng_snipe","Ranger","3","4","enemy","1","0","0","0","-1"
1780196038,"12","1","2","normal","rng_multishot","Ranger","1","1","all_enemies","1","0","0","-1","-1"
1780196039,"12","1","2","normal","clr_smite","Cleric","1","1","enemy","0","0","0","1","-1"
1780196041,"12","1","2","normal","rog_backstab","Rogue","1","1","enemy","0","0","0","1","-1"
1780196047,"12","1","2","normal","rng_multishot","Ranger","1","2","all_enemies","0","0","0","-1","-1"
1780196050,"12","1","2","normal","rog_shadow","Rogue","3","2","enemy","0","0","0","0","-1"
1780196050,"12","1","2","normal","util_energ","Unknown","0","2","self","0","0","0","-1","-1"
1780196051,"12","1","2","normal","rog_poison","Rogue","1","2","enemy","0","0","0","0","-1"
1780196053,"12","1","2","normal","clr_flash","Cleric","2","2","ally","0","0","0","-1","2"
1780196058,"12","1","2","normal","util_energ","Unknown","0","3","self","0","0","0","-1","-1"
1780196060,"12","1","2","normal","clr_smite","Cleric","1","3","enemy","0","0","0","0","-1"
1780196060,"12","1","2","normal","rng_snipe","Ranger","3","3","enemy","1","0","0","0","-1"
1780196078,"12","1","2","elite","rog_backstab","Rogue","1","1","enemy","0","0","0","1","-1"
1780196079,"12","1","2","elite","rng_multishot","Ranger","1","1","all_enemies","0","0","0","-1","-1"
1780196081,"12","1","2","elite","rng_aim","Ranger","2","1","enemy","0","0","0","1","-1"
1780196081,"12","1","2","elite","util_energ","Unknown","0","1","self","0","0","0","-1","-1"
1780196088,"12","1","2","elite","rng_rain","Ranger","4","2","all_enemies","1","0","0","-1","-1"
1780196092,"12","1","2","elite","clr_smite","Cleric","1","2","enemy","0","0","0","1","-1"
1780196100,"12","1","2","elite","clr_flash","Cleric","2","3","ally","0","0","0","-1","2"
1780196108,"12","1","2","elite","clr_holy_fire","Cleric","1","3","enemy","0","0","0","0","-1"
1780196116,"12","1","2","elite","rng_multishot","Ranger","1","4","all_enemies","1","0","0","-1","-1"
1780196118,"12","1","2","elite","rng_aim","Ranger","2","4","enemy","0","0","0","1","-1"
1780196121,"12","1","2","elite","clr_renew","Cleric","1","4","ally","0","0","0","-1","2"
1780196129,"12","1","2","elite","rog_poison","Rogue","1","5","enemy","0","0","0","0","-1"
1780196131,"12","1","2","elite","rog_kick","Rogue","1","5","enemy","0","0","0","0","-1"
1780196137,"12","1","2","elite","clr_smite","Cleric","1","6","enemy","0","0","0","0","-1"
1780196142,"12","1","2","elite","clr_flash","Cleric","2","6","ally","0","0","0","-1","1"
1780196144,"12","1","2","elite","util_energ","Unknown","0","6","self","0","0","0","-1","-1"
1780196148,"12","1","2","elite","rog_kick","Rogue","1","7","enemy","0","0","0","0","-1"
1780196156,"12","1","2","elite","rog_shadow","Rogue","3","7","enemy","0","0","0","0","-1"
1780196158,"12","1","2","elite","rng_multishot","Ranger","1","7","all_enemies","1","0","0","-1","-1"
1780196168,"12","1","2","elite","clr_heal","Cleric","1","8","ally","0","0","0","-1","2"
1780196170,"12","1","2","elite","clr_renew","Cleric","1","8","ally","0","0","0","-1","0"
1780196178,"12","1","2","elite","clr_holy_fire","Cleric","1","8","enemy","0","0","0","0","-1"
1780196185,"12","1","2","elite","clr_renew","Cleric","1","9","ally","0","0","0","-1","1"
1780196188,"12","1","2","elite","rog_backstab","Rogue","1","9","enemy","0","0","0","0","-1"
1780196262,"12","1","2","normal","rng_aim","Ranger","2","1","enemy","0","0","0","1","-1"
1780196264,"12","1","2","normal","rog_backstab","Rogue","1","1","enemy","0","0","0","1","-1"
1780196269,"12","1","2","normal","clr_heal","Cleric","1","1","ally","0","0","0","-1","2"
1780196275,"12","1","2","normal","clr_flash","Cleric","0","1","ally","0","0","0","-1","1"
1780196283,"12","1","2","normal","rng_multishot","Ranger","1","2","all_enemies","1","0","0","-1","-1"
1780196284,"12","1","2","normal","clr_holy_fire","Cleric","1","2","enemy","0","0","0","0","-1"
1780196301,"12","1","2","normal","util_rejuv","Unknown","1","3","all_allies","1","0","0","-1","-1"
1780196303,"12","1","2","normal","clr_renew","Cleric","1","3","ally","0","0","0","-1","0"
1780196305,"12","1","2","normal","clr_heal","Cleric","1","3","ally","0","0","0","-1","2"
1780196308,"12","1","2","normal","rog_shadow","Rogue","3","3","enemy","0","0","0","0","-1"
1780196311,"12","1","2","normal","clr_smite","Cleric","1","4","enemy","2","0","0","0","-1"
1780196314,"12","1","2","normal","util_energ","Unknown","0","4","self","0","0","0","-1","-1"
1780196316,"12","1","2","normal","clr_holy_fire","Cleric","1","4","enemy","0","0","0","0","-1"
1780196322,"12","1","2","normal","clr_flash","Cleric","2","5","ally","0","0","0","-1","0"
1780196323,"12","1","2","normal","rng_snipe","Ranger","3","5","enemy","1","0","0","0","-1"
1780196347,"12","1","2","boss","util_rejuv","Unknown","1","1","all_allies","1","0","0","-1","-1"
1780196350,"12","1","2","boss","rng_multishot","Ranger","1","1","all_enemies","1","0","0","-1","-1"
1780196353,"12","1","2","boss","rng_aim","Ranger","2","1","enemy","0","0","0","0","-1"
1780196366,"12","1","2","boss","rog_kick","Rogue","1","2","enemy","0","0","0","0","-1"
1780196371,"12","1","2","boss","rng_snipe","Ranger","3","2","enemy","1","0","0","0","-1"
1780196377,"12","1","2","boss","clr_smite","Cleric","1","3","enemy","2","0","0","0","-1"
1780196380,"12","1","2","boss","util_energ","Unknown","0","3","self","0","0","0","-1","-1"
1780196382,"12","1","2","boss","rng_aim","Ranger","2","3","enemy","0","0","0","0","-1"
1780196390,"12","1","2","boss","rng_rain","Ranger","4","4","all_enemies","2","0","0","-1","-1"
1780196392,"12","1","2","boss","util_rejuv","Unknown","1","4","all_allies","1","0","0","-1","-1"
1780196410,"12","1","2","boss","rog_kick","Rogue","1","5","enemy","0","0","0","0","-1"
1780196411,"12","1","2","boss","rng_multishot","Ranger","1","5","all_enemies","0","0","0","-1","-1"
1780196415,"12","1","2","boss","rog_poison","Rogue","1","5","enemy","0","0","0","0","-1"
1780196425,"12","1","2","boss","clr_holy_fire","Cleric","1","6","enemy","0","0","0","0","-1"
1780196426,"12","1","2","boss","clr_smite","Cleric","1","6","enemy","2","0","0","0","-1"
1780196428,"12","1","2","boss","rng_multishot","Ranger","1","6","all_enemies","1","0","0","-1","-1"
1780196435,"12","1","2","boss","util_rejuv","Unknown","1","7","all_allies","1","0","0","-1","-1"
1780196442,"12","1","2","boss","rng_aim","Ranger","2","7","enemy","0","0","0","0","-1"
1780196448,"12","1","2","boss","rng_multishot","Ranger","1","8","all_enemies","0","0","0","-1","-1"
1780196452,"12","1","2","boss","util_energ","Unknown","0","8","self","0","0","0","-1","-1"
1780196455,"12","1","2","boss","rog_kick","Rogue","1","8","enemy","0","0","0","1","-1"
1780196456,"12","1","2","boss","clr_heal","Cleric","1","8","ally","0","0","0","-1","2"
1780196462,"12","1","2","boss","clr_heal","Cleric","1","9","ally","0","0","0","-1","1"
1780196463,"12","1","2","boss","clr_renew","Cleric","1","9","ally","0","0","0","-1","2"
1780196475,"12","1","2","boss","clr_smite","Cleric","1","10","enemy","2","0","0","1","-1"
1780196482,"12","1","2","boss","clr_flash","Cleric","2","10","ally","0","0","0","-1","2"
1780196483,"12","1","2","boss","clr_holy_fire","Cleric","1","10","enemy","0","0","0","1","-1"
1780196483,"12","1","2","boss","rng_multishot","Ranger","1","10","all_enemies","0","0","0","-1","-1"
1780196538,"12","1","3","normal","rng_rain","Ranger","4","1","all_enemies","2","0","0","-1","-1"
1780196542,"12","1","3","normal","clr_smite","Cleric","1","1","enemy","2","0","0","1","-1"
1780196544,"12","1","3","normal","util_energ","Unknown","0","1","self","0","0","0","-1","-1"
1780196546,"12","1","3","normal","util_rejuv","Unknown","1","1","all_allies","1","0","0","-1","-1"
1780196555,"12","1","3","normal","clr_renew","Cleric","1","2","ally","0","0","0","-1","2"
1780196559,"12","1","3","normal","clr_heal","Cleric","1","2","ally","0","0","0","-1","0"
1780196561,"12","1","3","normal","rng_multishot","Ranger","1","2","all_enemies","0","0","0","-1","-1"
1780196566,"12","1","3","normal","rog_shadow","Rogue","3","3","enemy","0","0","0","0","-1"
1780196567,"12","1","3","normal","clr_holy_fire","Cleric","1","3","enemy","0","0","0","0","-1"
1780196612,"12","1","3","normal","rog_kick","Rogue","1","1","enemy","0","0","0","1","-1"
1780196615,"12","1","3","normal","rog_backstab","Rogue","1","1","enemy","0","0","0","1","-1"
1780196616,"12","1","3","normal","clr_holy_fire","Cleric","1","1","enemy","0","0","0","1","-1"
1780196620,"12","1","3","normal","clr_flash","Cleric","0","1","ally","0","0","0","-1","2"
1780196622,"12","1","3","normal","rng_rain","Ranger","4","2","all_enemies","2","0","0","-1","-1"
1780196625,"12","1","3","normal","rng_aim","Ranger","2","2","enemy","0","0","0","0","-1"
1780196632,"12","1","3","normal","clr_smite","Cleric","1","3","enemy","2","0","0","2","-1"
1780196634,"12","1","3","normal","clr_renew","Cleric","1","3","ally","0","0","0","-1","2"
1780196637,"12","1","3","normal","rng_snipe","Ranger","3","4","enemy","1","0","0","2","-1"
1780196661,"12","1","3","normal","rng_rain","Ranger","4","3","all_enemies","2","0","0","-1","-1"
1780196663,"12","1","3","normal","rog_backstab","Rogue","1","3","enemy","0","0","0","1","-1"
1780196665,"12","1","3","normal","clr_holy_fire","Cleric","1","3","enemy","0","0","0","1","-1"
1780196668,"12","1","3","normal","clr_flash","Cleric","0","3","ally","0","0","0","-1","2"
1780196672,"12","1","3","normal","rng_heal","Ranger","1","4","enemy","0","0","0","0","-1"
1780196674,"12","1","3","normal","clr_renew","Cleric","1","4","ally","0","0","0","-1","2"
1780196678,"12","1","3","normal","clr_smite","Cleric","1","5","enemy","2","0","0","0","-1"
1780196679,"12","1","3","normal","rng_aim","Ranger","2","5","enemy","0","0","0","0","-1"
1780196683,"12","1","3","normal","rng_rain","Ranger","4","6","all_enemies","2","0","0","-1","-1"
1780196689,"12","1","3","normal","rng_rain","Ranger","4","1","all_enemies","2","0","0","-1","-1"
1780196690,"12","1","3","normal","rng_multishot","Ranger","1","1","all_enemies","1","0","0","-1","-1"
1780196698,"12","1","3","normal","rng_aim","Ranger","2","2","enemy","0","0","0","0","-1"
1780196699,"12","1","3","normal","clr_holy_fire","Cleric","1","2","enemy","0","0","0","0","-1"
1780196700,"12","1","3","normal","rog_kick","Rogue","1","2","enemy","0","0","0","0","-1"
1780196702,"12","1","3","normal","rng_heal","Ranger","1","3","enemy","0","0","0","0","-1"
1780196703,"12","1","3","normal","rng_multishot","Ranger","1","3","all_enemies","0","0","0","-1","-1"
1780196704,"12","1","3","normal","util_energ","Unknown","0","3","self","0","0","0","-1","-1"
1780196709,"12","1","3","normal","clr_smite","Cleric","1","4","enemy","2","0","0","0","-1"
1780196721,"12","1","3","normal","rng_rain","Ranger","4","3","all_enemies","2","0","0","-1","-1"
1780196729,"12","1","3","normal","rog_kick","Rogue","1","3","enemy","0","0","0","0","-1"
1780196730,"12","1","3","normal","util_energ","Unknown","0","3","self","0","0","0","-1","-1"
1780196733,"12","1","3","normal","rng_aim","Ranger","2","3","enemy","0","0","0","1","-1"
1780196736,"12","1","3","normal","rng_multishot","Ranger","1","4","all_enemies","0","0","0","-1","-1"
1780196739,"12","1","3","normal","clr_holy_fire","Cleric","1","4","enemy","0","0","0","0","-1"
1780196743,"12","1","3","normal","clr_smite","Cleric","1","5","enemy","2","0","0","0","-1"
1780196747,"12","1","3","normal","rng_heal","Ranger","1","5","enemy","0","0","0","0","-1"
1780196749,"12","1","3","normal","util_rejuv","Unknown","1","5","all_allies","1","0","0","-1","-1"
1780196754,"12","1","3","normal","rog_backstab","Rogue","1","6","enemy","0","0","0","0","-1"
1780196756,"12","1","3","normal","clr_renew","Cleric","1","6","ally","0","0","0","-1","0"
1780196758,"12","1","3","normal","clr_flash","Cleric","0","6","ally","0","0","0","-1","2"
1780196759,"12","1","3","normal","rng_aim","Ranger","2","6","enemy","0","0","0","0","-1"
1780196761,"12","1","3","normal","rng_snipe","Ranger","3","7","enemy","1","0","0","0","-1"
1780196781,"12","1","3","normal","clr_revive","Cleric","2","5","ally","0","1","0","-1","2"
1780196784,"12","1","3","normal","clr_smite","Cleric","1","5","enemy","2","0","0","1","-1"
1780196786,"12","1","3","normal","rog_shadow","Rogue","3","5","enemy","0","0","0","1","-1"
1780196792,"12","1","3","normal","rog_shadow","Rogue","3","6","enemy","0","0","0","1","-1"
1780196793,"12","1","3","normal","util_energ","Unknown","0","6","self","0","0","0","-1","-1"
1780196795,"12","1","3","normal","clr_heal","Cleric","1","6","ally","0","0","0","-1","2"
1780196797,"12","1","3","normal","clr_flash","Cleric","0","6","ally","0","0","0","-1","1"
1780196808,"12","1","3","normal","clr_smite","Cleric","1","7","enemy","2","0","0","1","-1"
1780196812,"12","1","3","normal","rog_kick","Rogue","1","7","enemy","0","0","0","1","-1"
1780196813,"12","1","3","normal","util_rejuv","Unknown","1","7","all_allies","1","0","0","-1","-1"
1780196820,"12","1","3","normal","clr_renew","Cleric","1","8","ally","0","0","0","-1","0"
1780196824,"12","1","3","normal","clr_holy_fire","Cleric","1","8","enemy","0","0","0","0","-1"
1780196830,"12","1","3","normal","clr_smite","Cleric","1","9","enemy","2","0","0","0","-1"
1780196832,"12","1","3","normal","rog_backstab","Rogue","1","9","enemy","0","0","0","0","-1"
1780196834,"12","1","3","normal","util_rejuv","Unknown","1","9","all_allies","1","0","0","-1","-1"
1780196836,"12","1","3","normal","util_energ","Unknown","0","9","self","0","0","0","-1","-1"
1780196846,"12","1","3","normal","rog_kick","Rogue","1","10","enemy","0","0","0","2","-1"
1780196848,"12","1","3","normal","clr_smite","Cleric","1","10","enemy","2","0","0","0","-1"
1780196850,"12","1","3","normal","clr_flash","Cleric","0","10","ally","0","0","0","-1","0"
1780196856,"12","1","3","normal","rog_shadow","Rogue","3","11","enemy","0","0","0","0","-1"
1780196857,"12","1","3","normal","util_rejuv","Unknown","1","11","all_allies","1","0","0","-1","-1"
1780196858,"12","1","3","normal","util_energ","Unknown","0","11","self","0","0","0","-1","-1"
1780196860,"12","1","3","normal","rog_backstab","Rogue","1","11","enemy","0","0","0","2","-1"
1780196869,"12","1","3","normal","util_energ","Unknown","0","12","self","0","0","0","-1","-1"
1780196870,"12","1","3","normal","clr_renew","Cleric","1","12","ally","0","0","0","-1","1"
1780196872,"12","1","3","normal","clr_holy_fire","Cleric","1","12","enemy","0","0","0","2","-1"
1780196873,"12","1","3","normal","clr_heal","Cleric","1","12","ally","0","0","0","-1","1"
1780196878,"12","1","3","normal","clr_smite","Cleric","1","13","enemy","2","0","0","2","-1"
1780196881,"12","1","3","normal","util_rejuv","Unknown","1","13","all_allies","1","0","0","-1","-1"
1780196881,"12","1","3","normal","rog_shadow","Rogue","3","13","enemy","0","0","0","2","-1"
1780196884,"12","1","3","normal","rog_backstab","Rogue","1","13","enemy","0","0","0","2","-1"
1780196891,"12","1","3","normal","clr_flash","Cleric","2","14","ally","0","0","0","-1","0"
1780196892,"12","1","3","normal","clr_smite","Cleric","1","14","enemy","2","0","0","2","-1"
1780196902,"12","1","3","boss","rng_rain","Ranger","4","1","all_enemies","2","0","0","-1","-1"
1780196906,"12","1","3","boss","rog_kick","Rogue","1","1","enemy","0","0","0","0","-1"
1780196907,"12","1","3","boss","rng_heal","Ranger","1","1","enemy","0","0","0","0","-1"
1780196912,"12","1","3","boss","rog_backstab","Rogue","1","2","enemy","0","0","0","0","-1"
1780196922,"12","1","3","boss","rng_heal","Ranger","1","3","enemy","0","0","0","0","-1"
1780196925,"12","1","3","boss","rng_multishot","Ranger","1","3","all_enemies","0","0","0","-1","-1"
1780196931,"12","1","3","boss","rog_shadow","Rogue","3","4","enemy","0","0","0","0","-1"
1780196936,"12","1","3","boss","rog_kick","Rogue","1","4","enemy","0","0","0","0","-1"
1780196938,"12","1","3","boss","rog_backstab","Rogue","1","4","enemy","0","0","0","0","-1"
1780196941,"12","1","3","boss","util_energ","Unknown","0","5","self","0","0","0","-1","-1"
1780196942,"12","1","3","boss","clr_smite","Cleric","1","5","enemy","2","0","0","0","-1"
1780196942,"12","1","3","boss","rng_snipe","Ranger","3","5","enemy","1","0","0","0","-1"
1780196948,"12","1","3","boss","rng_aim","Ranger","2","6","enemy","0","0","0","0","-1"
1780196949,"12","1","3","boss","clr_holy_fire","Cleric","1","6","enemy","0","0","0","0","-1"
1780196953,"12","1","3","boss","rog_backstab","Rogue","1","7","enemy","0","0","0","0","-1"
1780196958,"12","1","3","boss","util_rejuv","Unknown","1","8","all_allies","1","0","0","-1","-1"
1780196959,"12","1","3","boss","util_energ","Unknown","0","8","self","0","0","0","-1","-1"
1780196960,"12","1","3","boss","rog_shadow","Rogue","3","8","enemy","0","0","0","0","-1"
1780196961,"12","1","3","boss","rog_kick","Rogue","1","8","enemy","0","0","0","0","-1"
1780196962,"12","1","3","boss","rng_multishot","Ranger","1","8","all_enemies","0","0","0","-1","-1"
1780196965,"12","1","3","boss","clr_smite","Cleric","1","9","enemy","2","0","0","0","-1"
1780196966,"12","1","3","boss","rng_snipe","Ranger","3","9","enemy","1","0","0","0","-1"
1780196992,"12","1","4","normal","rng_rain","Ranger","4","1","all_enemies","2","0","0","-1","-1"
1780196998,"12","1","4","normal","rng_multishot","Ranger","1","1","all_enemies","0","0","0","-1","-1"
1780196999,"12","1","4","normal","clr_holy_fire","Cleric","1","1","enemy","0","0","0","1","-1"
1780197002,"12","1","4","normal","rng_snipe","Ranger","3","2","enemy","1","0","0","1","-1"
1780197008,"12","1","4","normal","util_energ","Unknown","0","3","self","0","0","0","-1","-1"
1780197009,"12","1","4","normal","util_rejuv","Unknown","1","3","all_allies","1","0","0","-1","-1"
1780197010,"12","1","4","normal","clr_smite","Cleric","1","3","enemy","2","0","0","0","-1"
1780197013,"12","1","4","normal","rog_shadow","Rogue","3","4","enemy","0","0","0","0","-1"
1780197014,"12","1","4","normal","rog_backstab","Rogue","1","4","enemy","0","0","0","0","-1"
1780197018,"12","1","4","normal","rng_heal","Ranger","1","5","enemy","0","0","0","0","-1"
1780197020,"12","1","4","normal","clr_holy_fire","Cleric","1","5","enemy","0","0","0","0","-1"
1780197022,"12","1","4","normal","clr_renew","Cleric","1","5","ally","0","0","0","-1","2"
1780197025,"12","1","4","normal","rng_aim","Ranger","2","6","enemy","0","0","0","0","-1"
1780197028,"12","1","4","normal","util_energ","Unknown","0","6","self","0","0","0","-1","-1"
1780197029,"12","1","4","normal","util_rejuv","Unknown","1","6","all_allies","1","0","0","-1","-1"
1780197032,"12","1","4","normal","clr_smite","Cleric","1","7","enemy","2","0","0","0","-1"
1780197033,"12","1","4","normal","rng_multishot","Ranger","1","7","all_enemies","1","0","0","-1","-1"
1780197034,"12","1","4","normal","rog_backstab","Rogue","1","7","enemy","0","0","0","0","-1"
1780197039,"12","1","4","normal","rog_kick","Rogue","1","8","enemy","0","0","0","0","-1"
1780197042,"12","1","4","normal","rng_snipe","Ranger","3","8","enemy","1","0","0","0","-1"
1780197143,"12","1","4","normal","rng_multishot","Ranger","1","1","all_enemies","1","0","0","-1","-1"
1780197144,"12","1","4","normal","rog_backstab","Rogue","1","1","enemy","0","0","0","2","-1"
1780197146,"12","1","4","normal","rng_heal","Ranger","1","1","enemy","0","0","0","2","-1"
1780197148,"12","1","4","normal","util_prep","Unknown","0","1","self","0","0","0","-1","-1"
1780197151,"12","1","4","normal","clr_renew","Cleric","1","1","ally","0","0","0","-1","1"
1780197158,"12","1","4","normal","rng_snipe","Ranger","3","2","enemy","2","0","0","2","-1"
1780197159,"12","1","4","normal","clr_smite","Cleric","1","2","enemy","2","0","0","1","-1"
1780197162,"12","1","4","normal","rog_kick","Rogue","1","2","enemy","0","0","0","1","-1"
1780197166,"12","1","4","normal","rog_shadow","Rogue","3","3","enemy","2","0","0","1","-1"
1780197173,"12","1","4","normal","clr_smite","Cleric","1","4","enemy","2","0","0","1","-1"
1780197174,"12","1","4","normal","util_energ","Unknown","0","4","self","0","0","0","-1","-1"
1780197176,"12","1","4","normal","clr_heal","Cleric","1","4","ally","0","0","0","-1","1"
1780197179,"12","1","4","normal","clr_holy_fire","Cleric","1","4","enemy","0","0","0","0","-1"
1780197182,"12","1","4","normal","rog_kick","Rogue","1","5","enemy","0","0","0","0","-1"
1780197183,"12","1","4","normal","rng_snipe","Ranger","3","5","enemy","2","0","0","0","-1"
1780197190,"12","1","4","normal","clr_renew","Cleric","1","6","ally","0","0","0","-1","1"
1780197194,"12","1","4","normal","rng_heal","Ranger","1","6","enemy","0","0","0","0","-1"
1780197199,"12","1","4","normal","clr_smite","Cleric","1","7","enemy","2","0","0","0","-1"
1780197200,"12","1","4","normal","rng_snipe","Ranger","3","7","enemy","2","0","0","0","-1"
1780197223,"12","1","4","normal","rog_shadow","Rogue","3","2","enemy","2","0","0","2","-1"
1780197233,"12","1","4","normal","rog_kick","Rogue","1","2","enemy","0","0","0","1","-1"
1780197234,"12","1","4","normal","clr_renew","Cleric","1","2","ally","0","0","0","-1","2"
1780197237,"12","1","4","normal","util_energ","Unknown","0","2","self","0","0","0","-1","-1"
1780197238,"12","1","4","normal","clr_renew","Cleric","0","2","ally","0","0","0","-1","1"
1780197243,"12","1","4","normal","clr_smite","Cleric","1","3","enemy","2","0","0","1","-1"
1780197245,"12","1","4","normal","rng_snipe","Ranger","3","3","enemy","2","0","0","1","-1"
1780197246,"12","1","4","normal","rng_multishot","Ranger","1","3","all_enemies","1","0","0","-1","-1"
1780197251,"12","1","4","normal","util_prep","Unknown","0","4","self","0","0","0","-1","-1"
1780197254,"12","1","4","normal","rng_heal","Ranger","1","4","enemy","0","0","0","0","-1"
1780197254,"12","1","4","normal","rog_backstab","Rogue","1","4","enemy","0","0","0","0","-1"
1780197256,"12","1","4","normal","clr_holy_fire","Cleric","1","4","enemy","0","0","0","0","-1"
1780197259,"12","1","4","normal","clr_renew","Cleric","0","4","ally","0","0","0","-1","0"
1780197263,"12","1","4","normal","rog_shadow","Rogue","3","5","enemy","2","0","0","0","-1"
1780197263,"12","1","4","normal","util_energ","Unknown","0","5","self","0","0","0","-1","-1"
1780197267,"12","1","4","normal","rog_kick","Rogue","1","5","enemy","0","0","0","0","-1"
1780197282,"12","1","4","normal","clr_renew","Cleric","1","6","ally","0","0","0","-1","1"
1780197287,"12","1","4","normal","clr_flash","Cleric","2","6","ally","0","0","0","-1","2"
1780197291,"12","1","4","normal","rog_shadow","Rogue","3","7","enemy","2","0","0","0","-1"
1780197309,"12","1","4","normal","clr_smite","Cleric","1","1","enemy","2","0","0","0","-1"
1780197311,"12","1","4","normal","util_prep","Unknown","0","1","self","0","0","0","-1","-1"
1780197315,"12","1","4","normal","rog_kick","Rogue","1","1","enemy","0","0","0","1","-1"
1780197316,"12","1","4","normal","rng_aim","Ranger","2","1","enemy","0","0","0","0","-1"
1780197324,"12","1","4","normal","rng_snipe","Ranger","3","2","enemy","2","0","0","1","-1"
1780197326,"12","1","4","normal","rng_multishot","Ranger","1","2","all_enemies","1","0","0","-1","-1"
1780197335,"12","1","4","normal","rog_shadow","Rogue","3","3","enemy","2","0","0","1","-1"
1780197340,"12","1","4","normal","util_energ","Unknown","0","3","self","0","0","0","-1","-1"
1780197343,"12","1","4","normal","clr_holy_fire","Cleric","1","3","enemy","0","0","0","0","-1"
1780197345,"12","1","4","normal","clr_flash","Cleric","0","3","ally","0","0","0","-1","0"
1780197349,"12","1","4","normal","util_prep","Unknown","0","4","self","0","0","0","-1","-1"
1780197353,"12","1","4","normal","rng_heal","Ranger","1","4","enemy","0","0","0","0","-1"
1780197354,"12","1","4","normal","rog_backstab","Rogue","1","4","enemy","0","0","0","0","-1"
1780197358,"12","1","4","normal","clr_smite","Cleric","1","5","enemy","2","0","0","0","-1"
1780197361,"12","1","4","normal","rog_kick","Rogue","1","5","enemy","0","0","0","0","-1"
1780197362,"12","1","4","normal","rng_aim","Ranger","2","5","enemy","0","0","0","0","-1"
1780197365,"12","1","4","normal","clr_renew","Cleric","1","5","ally","0","0","0","-1","1"
1780197368,"12","1","4","normal","rng_snipe","Ranger","3","6","enemy","2","0","0","0","-1"
1780197372,"12","1","4","normal","util_energ","Unknown","0","7","self","0","0","0","-1","-1"
1780197374,"12","1","4","normal","clr_smite","Cleric","1","7","enemy","2","0","0","0","-1"
1780197378,"12","1","4","normal","clr_holy_fire","Cleric","1","7","enemy","0","0","0","0","-1"
1780197382,"12","1","4","normal","rng_heal","Ranger","1","8","enemy","0","0","0","0","-1"
1780197383,"12","1","4","normal","rog_kick","Rogue","1","8","enemy","0","0","0","0","-1"
1780197386,"12","1","4","normal","clr_heal","Cleric","1","8","ally","0","0","0","-1","2"
1780197396,"12","1","4","normal","clr_renew","Cleric","1","9","ally","0","0","0","-1","2"
1780197398,"12","1","4","normal","util_prep","Unknown","0","9","self","0","0","0","-1","-1"
1780197401,"12","1","4","normal","clr_renew","Cleric","1","9","ally","0","0","0","-1","1"
1780197403,"12","1","4","normal","rog_shadow","Rogue","3","9","enemy","2","0","0","0","-1"
1780197411,"12","1","4","normal","rog_shadow","Rogue","3","1","enemy","2","0","0","0","-1"
1780197413,"12","1","4","normal","clr_smite","Cleric","1","1","enemy","2","0","0","0","-1"
1780197415,"12","1","4","normal","clr_flash","Cleric","0","1","ally","0","0","0","-1","2"
1780197421,"12","1","4","normal","rng_heal","Ranger","1","1","enemy","0","0","0","0","-1"
1780197427,"12","1","4","normal","rng_snipe","Ranger","3","2","enemy","2","0","0","2","-1"
1780197429,"12","1","4","normal","util_prep","Unknown","0","2","self","0","0","0","-1","-1"
1780197432,"12","1","4","normal","util_energ","Unknown","0","2","self","0","0","0","-1","-1"
1780197443,"12","1","4","normal","util_energ","Unknown","0","3","self","0","0","0","-1","-1"
1780197444,"12","1","4","normal","rog_kick","Rogue","1","3","enemy","0","0","0","1","-1"
1780197445,"12","1","4","normal","rog_backstab","Rogue","1","3","enemy","0","0","0","1","-1"
1780197446,"12","1","4","normal","rng_multishot","Ranger","1","3","all_enemies","1","0","0","-1","-1"
1780197451,"12","1","4","normal","util_prep","Unknown","0","4","self","0","0","0","-1","-1"
1780197453,"12","1","4","normal","clr_flash","Cleric","2","4","ally","0","0","0","-1","1"
1780197454,"12","1","4","normal","rog_shadow","Rogue","3","4","enemy","2","0","0","1","-1"
1780197462,"12","1","4","boss","util_prep","Unknown","0","1","self","0","0","0","-1","-1"
1780197479,"12","1","4","boss","rng_aim","Ranger","2","1","enemy","0","0","0","1","-1"
1780197480,"12","1","4","boss","clr_smite","Cleric","1","1","enemy","2","0","0","1","-1"
1780197481,"12","1","4","boss","rog_backstab","Rogue","1","1","enemy","0","0","0","1","-1"
1780197485,"12","1","4","boss","rog_kick","Rogue","1","1","enemy","0","0","0","1","-1"
1780197487,"12","1","4","boss","clr_holy_fire","Cleric","1","1","enemy","0","0","0","1","-1"
1780197491,"12","1","4","boss","rog_kick","Rogue","1","2","enemy","0","0","0","0","-1"
1780197495,"12","1","4","boss","util_energ","Unknown","0","2","self","0","0","0","-1","-1"
1780197501,"12","1","4","boss","rng_snipe","Ranger","3","3","enemy","2","0","0","0","-1"
1780197502,"12","1","4","boss","rog_shadow","Rogue","3","3","enemy","2","0","0","0","-1"
1780197525,"12","1","4","boss","rng_aim","Ranger","2","4","enemy","0","0","0","0","-1"
1780197526,"12","1","4","boss","util_energ","Unknown","0","4","self","0","0","0","-1","-1"
1780197535,"12","1","4","boss","clr_smite","Cleric","1","5","enemy","2","0","0","0","-1"
1780197539,"12","1","4","boss","rog_backstab","Rogue","1","5","enemy","0","0","0","0","-1"
1780197541,"12","1","4","boss","util_prep","Unknown","0","5","self","0","0","0","-1","-1"
1780197546,"12","1","4","boss","clr_renew","Cleric","1","5","ally","0","0","0","-1","2"
1780197548,"12","1","4","boss","clr_heal","Cleric","0","5","ally","0","0","0","-1","1"
1780197553,"12","1","4","boss","rog_kick","Rogue","1","6","enemy","0","0","0","0","-1"
1780197555,"12","1","4","boss","clr_renew","Cleric","1","6","ally","0","0","0","-1","2"
1780197558,"12","1","4","boss","clr_holy_fire","Cleric","1","6","enemy","0","0","0","0","-1"
1780197560,"12","1","4","boss","clr_flash","Cleric","0","6","ally","0","0","0","-1","0"
1780197566,"12","1","4","boss","util_prep","Unknown","0","7","self","0","0","0","-1","-1"
1780197567,"12","1","4","boss","rog_shadow","Rogue","3","7","enemy","2","0","0","0","-1"
1780197568,"12","1","4","boss","util_energ","Unknown","0","7","self","0","0","0","-1","-1"
1780197569,"12","1","4","boss","rng_aim","Ranger","2","7","enemy","0","0","0","0","-1"
1780197571,"12","1","4","boss","rng_snipe","Ranger","3","8","enemy","2","0","0","0","-1"
1780197572,"12","1","4","boss","rng_heal","Ranger","1","8","enemy","0","0","0","0","-1"
1780197575,"12","1","4","boss","clr_smite","Cleric","1","9","enemy","2","0","0","0","-1"
1780197576,"12","1","4","boss","rog_kick","Rogue","1","9","enemy","0","0","0","0","-1"
1780197577,"12","1","4","boss","rog_backstab","Rogue","1","9","enemy","0","0","0","0","-1"
1780277015,"13","0","1","normal","rog_kick","Rogue","1","1","enemy","0","0","0","0","-1"
1780277016,"13","0","1","normal","mag_missiles","Mage","1","1","enemy","0","0","0","0","-1"
1780277017,"13","0","1","normal","rog_poison","Rogue","1","1","enemy","0","0","0","0","-1"
1780277032,"13","0","1","normal","mag_missiles","Mage","1","1","enemy","0","0","0","0","-1"
1780277032,"13","0","1","normal","rng_trap","Ranger","1","1","enemy","0","0","0","0","-1"
1780277033,"13","0","1","normal","rog_poison","Rogue","1","1","enemy","0","0","0","0","-1"
1780277033,"13","0","1","normal","mag_scorch","Mage","0","1","enemy","0","0","0","0","-1"
1780277035,"13","0","1","normal","util_energ","Unknown","0","1","self","0","0","0","-1","-1"
1780277037,"13","0","1","normal","rog_kick","Rogue","1","2","enemy","0","0","0","0","-1"
1780277038,"13","0","1","normal","mag_fireball","Mage","2","2","enemy","0","0","0","0","-1"
1780277046,"13","0","1","normal","rog_kick","Rogue","1","1","enemy","0","0","0","0","-1"
1780277047,"13","0","1","normal","rng_multishot","Ranger","1","1","all_enemies","0","0","0","-1","-1"
1780277048,"13","0","1","normal","mag_scorch","Mage","0","1","enemy","0","0","0","1","-1"
1780277049,"13","0","1","normal","mag_missiles","Mage","1","1","enemy","0","0","0","1","-1"
1780277049,"13","0","1","normal","mag_fireball","Mage","2","1","enemy","0","0","0","1","-1"
1780277052,"13","0","1","normal","mag_frostbolt","Mage","1","2","enemy","0","0","0","0","-1"
1780277052,"13","0","1","normal","rog_poison","Rogue","1","2","enemy","0","0","0","0","-1"
1780277053,"13","0","1","normal","mag_scorch","Mage","0","2","enemy","0","0","0","0","-1"
1780277054,"13","0","1","normal","rng_shot","Ranger","1","2","enemy","0","0","0","0","-1"
1780277054,"13","0","1","normal","util_energ","Unknown","0","2","self","0","0","0","-1","-1"
1780277062,"13","0","1","normal","rog_backstab","Rogue","1","1","enemy","0","0","0","0","-1"
1780277063,"13","0","1","normal","mag_frostbolt","Mage","1","1","enemy","0","0","0","0","-1"
1780277063,"13","0","1","normal","rog_poison","Rogue","1","1","enemy","0","0","0","0","-1"
1780277064,"13","0","1","normal","mag_scorch","Mage","0","1","enemy","0","0","0","0","-1"
1780277064,"13","0","1","normal","rng_shot","Ranger","1","1","enemy","0","0","0","0","-1"
1780277073,"13","0","1","boss","rng_aim","Ranger","2","1","enemy","0","0","0","1","-1"
1780277075,"13","0","1","boss","rng_trap","Ranger","1","1","enemy","0","0","0","0","-1"
1780277075,"13","0","1","boss","rog_backstab","Rogue","1","1","enemy","0","0","0","0","-1"
1780277076,"13","0","1","boss","rng_multishot","Ranger","1","1","all_enemies","0","0","0","-1","-1"
1780277076,"13","0","1","boss","curse_doubt","Unknown","1","1","self","0","0","0","-1","-1"
1780277079,"13","0","1","boss","mag_missiles","Mage","1","2","enemy","0","0","0","0","-1"
1780277079,"13","0","1","boss","rng_multishot","Ranger","1","2","all_enemies","0","0","0","-1","-1"
1780277080,"13","0","1","boss","mag_scorch","Mage","0","2","enemy","0","0","0","0","-1"
1780277081,"13","0","1","boss","mag_frostbolt","Mage","1","2","enemy","0","0","0","0","-1"
1780277082,"13","0","1","boss","util_energ","Unknown","0","2","self","0","0","0","-1","-1"
1780277084,"13","0","1","boss","rng_multishot","Ranger","1","3","all_enemies","0","0","0","-1","-1"
1780277084,"13","0","1","boss","rng_multishot","Ranger","1","3","all_enemies","0","0","0","-1","-1"
1780277085,"13","0","1","boss","rng_shot","Ranger","1","3","enemy","0","0","0","0","-1"
1780277086,"13","0","1","boss","util_energ","Unknown","0","3","self","0","0","0","-1","-1"
1780277086,"13","0","1","boss","rog_poison","Rogue","1","3","enemy","0","0","0","0","-1"
1780277088,"13","0","1","boss","mag_missiles","Mage","1","4","enemy","0","0","0","0","-1"
1780277089,"13","0","1","boss","mag_scorch","Mage","0","4","enemy","0","0","0","0","-1"
1780277089,"13","0","1","boss","rog_kick","Rogue","1","4","enemy","0","0","0","0","-1"
1780277090,"13","0","1","boss","mag_frostbolt","Mage","1","4","enemy","0","0","0","0","-1"
1780277092,"13","0","1","boss","util_energ","Unknown","0","4","self","0","0","0","-1","-1"
1780277094,"13","0","1","boss","mag_fireball","Mage","2","5","enemy","0","0","0","0","-1"
1780277095,"13","0","1","boss","mag_scorch","Mage","0","5","enemy","0","0","0","0","-1"
1780277096,"13","0","1","boss","rog_backstab","Rogue","1","5","enemy","0","0","0","0","-1"
1780277151,"13","0","2","normal","rog_evis","Rogue","2","1","enemy","1","0","0","0","-1"
1780277153,"13","0","2","normal","rng_multishot","Ranger","1","1","all_enemies","0","0","0","-1","-1"
1780277158,"13","0","2","normal","rng_aim","Ranger","2","1","enemy","0","0","0","1","-1"
1780277158,"13","0","2","normal","mag_missiles","Mage","1","1","enemy","0","0","0","0","-1"
1780277159,"13","0","2","normal","mag_scorch","Mage","0","1","enemy","0","0","0","1","-1"
1780277183,"13","0","2","normal","rng_trap","Ranger","1","1","enemy","0","0","0","2","-1"
1780277183,"13","0","2","normal","mag_frostbolt","Mage","1","1","enemy","0","0","0","2","-1"
1780277184,"13","0","2","normal","rng_multishot","Ranger","1","1","all_enemies","0","0","0","-1","-1"
1780277186,"13","0","2","normal","mag_fireball","Mage","2","1","enemy","0","0","0","2","-1"
1780277188,"13","0","2","normal","mag_scorch","Mage","0","2","enemy","0","0","0","1","-1"
1780277189,"13","0","2","normal","rng_multishot","Ranger","1","2","all_enemies","0","0","0","-1","-1"
1780277190,"13","0","2","normal","mag_scorch","Mage","0","2","enemy","0","0","0","1","-1"
1780277190,"13","0","2","normal","util_energ","Unknown","0","2","self","0","0","0","-1","-1"
1780277191,"13","0","2","normal","rog_poison","Rogue","1","2","enemy","0","0","0","1","-1"
1780277194,"13","0","2","normal","rog_evis","Rogue","2","3","enemy","1","0","0","0","-1"
1780277195,"13","0","2","normal","rog_kick","Rogue","1","3","enemy","0","0","0","1","-1"
1780277195,"13","0","2","normal","rng_aim","Ranger","2","3","enemy","0","0","0","1","-1"
1780277202,"13","0","2","normal","rng_rain","Ranger","4","1","all_enemies","0","0","0","-1","-1"
1780277204,"13","0","2","normal","util_energ","Unknown","0","1","self","0","0","0","-1","-1"
1780277206,"13","0","2","normal","mag_scorch","Mage","0","1","enemy","0","0","0","2","-1"
1780277207,"13","0","2","normal","mag_frostbolt","Mage","1","1","enemy","0","0","0","1","-1"
1780277209,"13","0","2","normal","rng_multishot","Ranger","1","2","all_enemies","0","0","0","-1","-1"
1780277210,"13","0","2","normal","rng_multishot","Ranger","1","2","all_enemies","0","0","0","-1","-1"
1780277217,"13","0","2","normal","util_battle_plan","Unknown","0","1","self","0","1","1","-1","-1"
1780277218,"13","0","2","normal","util_aegis_charm","Unknown","1","1","all_allies","0","1","1","-1","-1"
1780277221,"13","0","2","normal","rog_evis","Rogue","2","1","enemy","1","0","0","1","-1"
1780277224,"13","0","2","normal","mag_scorch","Mage","0","1","enemy","0","0","0","1","-1"
1780277225,"13","0","2","normal","rog_backstab","Rogue","1","1","enemy","0","0","0","0","-1"
1780277225,"13","0","2","normal","rng_aim","Ranger","2","1","enemy","0","0","0","0","-1"
1780277228,"13","0","2","normal","rog_kick","Rogue","1","2","enemy","0","0","0","0","-1"
1780277228,"13","0","2","normal","rng_multishot","Ranger","1","2","all_enemies","0","0","0","-1","-1"
1780277229,"13","0","2","normal","util_energ","Unknown","0","2","self","0","0","0","-1","-1"
1780277229,"13","0","2","normal","util_energ","Unknown","0","2","self","0","0","0","-1","-1"
1780277230,"13","0","2","normal","mag_fireball","Mage","2","2","enemy","0","0","0","0","-1"
1780277237,"13","0","2","normal","rng_multishot","Ranger","1","1","all_enemies","0","0","0","-1","-1"
1780277238,"13","0","2","normal","mag_scorch","Mage","0","1","enemy","0","0","0","2","-1"
1780277240,"13","0","2","normal","mag_scorch","Mage","0","1","enemy","0","0","0","2","-1"
1780277240,"13","0","2","normal","rog_backstab","Rogue","1","1","enemy","0","0","0","2","-1"
1780277244,"13","0","2","normal","rng_trap","Ranger","1","1","enemy","0","0","0","0","-1"
1780277247,"13","0","2","normal","rog_evis","Rogue","2","2","enemy","1","0","0","1","-1"
1780277249,"13","0","2","normal","rng_rain","Ranger","4","2","all_enemies","0","0","0","-1","-1"
1780277252,"13","0","2","normal","rng_aim","Ranger","2","3","enemy","0","0","0","0","-1"
1780277259,"13","0","2","boss","rng_aim","Ranger","2","1","enemy","0","0","0","0","-1"
1780277259,"13","0","2","boss","rng_shot","Ranger","1","1","enemy","0","0","0","0","-1"
1780277260,"13","0","2","boss","mag_missiles","Mage","1","1","enemy","0","0","0","0","-1"
1780277260,"13","0","2","boss","mag_scorch","Mage","0","1","enemy","0","0","0","0","-1"
1780277261,"13","0","2","boss","rog_poison","Rogue","1","1","enemy","0","0","0","0","-1"
1780277263,"13","0","2","boss","rng_multishot","Ranger","1","2","all_enemies","0","0","0","-1","-1"
1780277270,"13","0","2","boss","rog_kick","Rogue","1","2","enemy","0","0","0","2","-1"
1780277272,"13","0","2","boss","util_energ","Unknown","0","2","self","0","0","0","-1","-1"
1780277273,"13","0","2","boss","rog_backstab","Rogue","1","2","enemy","0","0","0","2","-1"
1780277277,"13","0","2","boss","mag_meteor","Mage","4","3","all_enemies","0","0","0","-1","-1"
1780277279,"13","0","2","boss","mag_scorch","Mage","0","3","enemy","0","0","0","1","-1"
1780277280,"13","0","2","boss","rog_kick","Rogue","1","3","enemy","0","0","0","1","-1"
1780277283,"13","0","2","boss","rng_shot","Ranger","1","4","enemy","0","0","0","1","-1"
1780277284,"13","0","2","boss","util_energ","Unknown","0","4","self","0","0","0","-1","-1"
1780277285,"13","0","2","boss","mag_pyro","Mage","3","4","enemy","0","1","0","1","-1"
1780414197,"13","2","1","normal","grd_shield_slam","Guardian","1","1","enemy","0","0","0","0","-1"
1780414199,"13","2","1","normal","mag_fireball","Mage","2","1","enemy","0","0","0","0","-1"
1780414201,"13","2","1","normal","grd_stance","Guardian","1","1","self","0","0","0","-1","-1"
1780414202,"13","2","1","normal","grd_taunt","Guardian","1","1","self","0","0","0","-1","-1"
1780414208,"13","2","1","normal","clr_smite","Cleric","1","2","enemy","0","0","0","0","-1"
1780414213,"13","2","1","normal","grd_shield_slam","Guardian","1","2","enemy","0","0","0","0","-1"
1780414216,"13","2","1","normal","grd_provoke","Guardian","0","2","self","0","0","0","-1","-1"
1780414220,"13","2","1","normal","grd_stance","Guardian","1","3","self","0","0","0","-1","-1"
1780414223,"13","2","1","normal","mag_scorch","Mage","0","3","enemy","0","0","0","0","-1"
1780414225,"13","2","1","normal","mag_frostbolt","Mage","1","3","enemy","0","0","0","0","-1"
1780414323,"13","2","1","normal","mag_meteor","Mage","4","1","all_enemies","1","0","0","-1","-1"
1780414327,"13","2","1","normal","mag_fireball","Mage","2","1","enemy","0","0","0","1","-1"
1780414329,"13","2","1","normal","mag_scorch","Mage","0","1","enemy","0","0","0","1","-1"
1780414333,"13","2","1","normal","mag_frostbolt","Mage","1","2","enemy","0","0","0","1","-1"
1780414335,"13","2","1","normal","mag_missiles","Mage","1","2","enemy","0","0","0","0","-1"
1780414347,"13","2","1","boss","mag_meteor","Mage","4","1","all_enemies","1","0","0","-1","-1"
1780414359,"13","2","1","boss","clr_smite","Cleric","1","1","enemy","0","0","0","0","-1"
1780414362,"13","2","1","boss","grd_shield_slam","Guardian","1","1","enemy","0","0","0","0","-1"
1780414369,"13","2","1","boss","mag_scorch","Mage","0","2","enemy","0","0","0","1","-1"
1780414370,"13","2","1","boss","grd_provoke","Guardian","0","2","self","0","0","0","-1","-1"
1780414379,"13","2","1","boss","mag_meteor","Mage","4","3","all_enemies","1","0","0","-1","-1"
1780414384,"13","2","1","boss","mag_fireball","Mage","2","3","enemy","0","0","0","0","-1"
1780414391,"13","2","1","boss","util_energ","Unknown","0","4","self","0","0","0","-1","-1"
1780414392,"13","2","1","boss","grd_provoke","Guardian","0","4","self","0","0","0","-1","-1"
1780414395,"13","2","1","boss","mag_scorch","Mage","0","4","enemy","0","0","0","0","-1"
1780414396,"13","2","1","boss","util_energ","Unknown","0","4","self","0","0","0","-1","-1"
1780414398,"13","2","1","boss","mag_frostbolt","Mage","1","4","enemy","0","0","0","0","-1"
1780414405,"13","2","1","boss","clr_smite","Cleric","1","5","enemy","0","0","0","0","-1"
1780414412,"13","2","1","boss","clr_flash","Cleric","2","5","ally","0","0","0","-1","1"
1780414414,"13","2","1","boss","clr_heal","Cleric","1","5","ally","0","0","0","-1","1"
1780414417,"13","2","1","boss","grd_shield_slam","Guardian","1","5","enemy","0","0","0","0","-1"
1780414418,"13","2","1","boss","grd_taunt","Guardian","1","5","self","0","0","0","-1","-1"
1780414426,"13","2","1","boss","clr_renew","Cleric","1","6","ally","0","0","0","-1","0"
1780414431,"13","2","1","boss","grd_provoke","Guardian","0","6","self","0","0","0","-1","-1"
1780414433,"13","2","1","boss","grd_shield_slam","Guardian","1","6","enemy","0","0","0","0","-1"
1780414437,"13","2","1","boss","grd_stance","Guardian","1","6","self","0","0","0","-1","-1"
1780414441,"13","2","1","boss","clr_smite","Cleric","1","7","enemy","0","0","0","0","-1"
1780414445,"13","2","1","boss","util_energ","Unknown","0","7","self","0","0","0","-1","-1"
1780414446,"13","2","1","boss","util_energ","Unknown","0","7","self","0","0","0","-1","-1"
1780414447,"13","2","1","boss","grd_taunt","Guardian","1","7","self","0","0","0","-1","-1"
1780414454,"13","2","1","boss","clr_flash","Cleric","2","8","ally","0","0","0","-1","1"
1780414456,"13","2","1","boss","grd_shield_slam","Guardian","1","8","enemy","0","0","0","0","-1"
1780414504,"13","2","2","normal","grd_shield_slam","Guardian","1","1","enemy","0","0","0","1","-1"
1780414506,"13","2","2","normal","grd_taunt","Guardian","1","1","self","0","0","0","-1","-1"
1780414509,"13","2","2","normal","clr_renew","Cleric","1","1","ally","0","0","0","-1","1"
1780414518,"13","2","2","normal","util_for","Unknown","1","2","all_allies","1","0","0","-1","-1"
1780414523,"13","2","2","normal","grd_taunt","Guardian","1","2","self","0","0","0","-1","-1"
1780414524,"13","2","2","normal","clr_smite","Cleric","1","2","enemy","0","0","0","1","-1"
1780414529,"13","2","2","normal","clr_renew","Cleric","1","2","ally","0","0","0","-1","0"
1780414537,"13","2","2","normal","grd_shield_slam","Guardian","1","3","enemy","0","0","0","1","-1"
1780414538,"13","2","2","normal","grd_stance","Guardian","1","3","self","0","0","0","-1","-1"
1780414549,"13","2","2","normal","util_for","Unknown","1","4","all_allies","1","0","0","-1","-1"
1780414551,"13","2","2","normal","clr_smite","Cleric","1","4","enemy","0","0","0","1","-1"
1780414560,"13","2","2","normal","grd_taunt","Guardian","1","4","self","0","0","0","-1","-1"
1780414565,"13","2","2","normal","clr_renew","Cleric","1","4","ally","0","0","0","-1","1"
1780414566,"13","2","2","normal","util_energ","Unknown","0","4","self","0","0","0","-1","-1"
1780414574,"13","2","2","normal","grd_shield_slam","Guardian","1","5","enemy","0","0","0","1","-1"
1780414578,"13","2","2","normal","grd_stance","Guardian","1","5","self","0","0","0","-1","-1"
1780414579,"13","2","2","normal","util_energ","Unknown","0","5","self","0","0","0","-1","-1"
1780414584,"13","2","2","normal","grd_shield_slam","Guardian","1","6","enemy","0","0","0","1","-1"
1780414585,"13","2","2","normal","grd_taunt","Guardian","1","6","self","0","0","0","-1","-1"
1780414587,"13","2","2","normal","clr_smite","Cleric","1","6","enemy","0","0","0","1","-1"
1780414600,"13","2","2","normal","util_for","Unknown","1","7","all_allies","1","0","0","-1","-1"
1780414611,"13","2","2","normal","clr_smite","Cleric","1","8","enemy","0","0","0","1","-1"
1780414613,"13","2","2","normal","grd_shield_slam","Guardian","1","8","enemy","0","0","0","1","-1"
1780414614,"13","2","2","normal","grd_taunt","Guardian","1","8","self","0","0","0","-1","-1"
1780414620,"13","2","2","normal","util_for","Unknown","1","9","all_allies","1","0","0","-1","-1"
1780414623,"13","2","2","normal","clr_smite","Cleric","1","9","enemy","0","0","0","1","-1"
1780414625,"13","2","2","normal","grd_stance","Guardian","1","9","self","0","0","0","-1","-1"
1780414627,"13","2","2","normal","util_energ","Unknown","0","9","self","0","0","0","-1","-1"
1780414631,"13","2","2","normal","grd_taunt","Guardian","1","10","self","0","0","0","-1","-1"
1780414633,"13","2","2","normal","grd_shield_slam","Guardian","1","10","enemy","0","0","0","1","-1"
1780414635,"13","2","2","normal","clr_renew","Cleric","1","10","ally","0","0","0","-1","1"
1780414644,"13","2","2","normal","clr_smite","Cleric","1","11","enemy","0","0","0","1","-1"
1780414645,"13","2","2","normal","grd_stance","Guardian","1","11","self","0","0","0","-1","-1"
1780414647,"13","2","2","normal","util_for","Unknown","1","11","all_allies","1","0","0","-1","-1"
1780414654,"13","2","2","normal","grd_shield_slam","Guardian","1","12","enemy","0","0","0","1","-1"
1780414655,"13","2","2","normal","grd_taunt","Guardian","1","12","self","0","0","0","-1","-1"
1780414663,"13","2","2","normal","clr_smite","Cleric","1","13","enemy","0","0","0","1","-1"
1780414664,"13","2","2","normal","util_for","Unknown","1","13","all_allies","1","0","0","-1","-1"
1780414667,"13","2","2","normal","grd_stance","Guardian","1","13","self","0","0","0","-1","-1"
1780414671,"13","2","2","normal","grd_taunt","Guardian","1","14","self","0","0","0","-1","-1"
1780414674,"13","2","2","normal","grd_shield_slam","Guardian","1","14","enemy","0","0","0","1","-1"
1780414679,"13","2","2","normal","clr_smite","Cleric","1","15","enemy","0","0","0","1","-1"
1780414683,"13","2","2","normal","grd_stance","Guardian","1","15","self","0","0","0","-1","-1"
1780414690,"13","2","2","normal","grd_shield_slam","Guardian","1","16","enemy","0","0","0","1","-1"
1780414697,"13","2","2","normal","clr_smite","Cleric","1","17","enemy","0","0","0","1","-1"
1780414700,"13","2","2","normal","util_energ","Unknown","0","17","self","0","0","0","-1","-1"
1780414708,"13","2","2","normal","clr_renew","Cleric","1","17","ally","0","0","0","-1","1"
1780414712,"13","2","2","normal","grd_stance","Guardian","1","17","self","0","0","0","-1","-1"
1780414718,"13","2","2","normal","grd_shield_slam","Guardian","1","18","enemy","0","0","0","1","-1"
1780414720,"13","2","2","normal","grd_taunt","Guardian","1","18","self","0","0","0","-1","-1"
1780414722,"13","2","2","normal","util_for","Unknown","1","18","all_allies","1","0","0","-1","-1"
1780414731,"13","2","2","normal","clr_smite","Cleric","1","19","enemy","0","0","0","1","-1"
1780414734,"13","2","2","normal","grd_shield_slam","Guardian","1","19","enemy","0","0","0","1","-1"
1780414735,"13","2","2","normal","grd_stance","Guardian","1","19","self","0","0","0","-1","-1"
1780414738,"13","2","2","normal","clr_renew","Cleric","1","19","ally","0","0","0","-1","0"
1780414740,"13","2","2","normal","util_energ","Unknown","0","19","self","0","0","0","-1","-1"
1780414748,"13","2","2","normal","grd_taunt","Guardian","1","20","self","0","0","0","-1","-1"
1780414750,"13","2","2","normal","util_for","Unknown","1","20","all_allies","1","0","0","-1","-1"
1780414754,"13","2","2","normal","util_for","Unknown","1","21","all_allies","1","0","0","-1","-1"
1780414760,"13","2","2","normal","grd_shield_slam","Guardian","1","21","enemy","0","0","0","1","-1"
1780414762,"13","2","2","normal","clr_smite","Cleric","1","21","enemy","0","0","0","1","-1"
1780414774,"13","2","2","normal","clr_smite","Cleric","1","23","enemy","0","0","0","1","-1"
1780414776,"13","2","2","normal","grd_shield_slam","Guardian","1","23","enemy","0","0","0","1","-1"
1780414786,"13","2","2","normal","clr_smite","Cleric","1","25","enemy","0","0","0","1","-1"
1780414787,"13","2","2","normal","util_for","Unknown","1","25","all_allies","1","0","0","-1","-1"
1780414789,"13","2","2","normal","grd_shield_slam","Guardian","1","25","enemy","0","0","0","1","-1"
1780414794,"13","2","2","normal","grd_shield_slam","Guardian","1","26","enemy","0","0","0","1","-1"
1780414797,"13","2","2","normal","clr_heal","Cleric","1","26","ally","0","0","0","-1","1"
1780414802,"13","2","2","normal","util_for","Unknown","1","27","all_allies","1","0","0","-1","-1"
1780414804,"13","2","2","normal","clr_smite","Cleric","1","27","enemy","0","0","0","1","-1"
1780414810,"13","2","2","normal","util_for","Unknown","1","28","all_allies","1","0","0","-1","-1"
1780414813,"13","2","2","normal","grd_shield_slam","Guardian","1","28","enemy","0","0","0","1","-1"
1780414814,"13","2","2","normal","util_energ","Unknown","0","28","self","0","0","0","-1","-1"
1780414833,"13","2","2","normal","clr_smite","Cleric","1","29","enemy","0","0","0","1","-1"
1780414837,"13","2","2","normal","clr_renew","Cleric","1","29","ally","0","0","0","-1","1"
1780414840,"13","2","2","normal","util_for","Unknown","1","30","all_allies","1","0","0","-1","-1"
1780414842,"13","2","2","normal","grd_shield_slam","Guardian","1","30","enemy","0","0","0","1","-1"
1780414847,"13","2","2","normal","clr_smite","Cleric","1","31","enemy","0","0","0","1","-1"
1780414853,"13","2","2","normal","grd_taunt","Guardian","1","31","self","0","0","0","-1","-1"
1780414855,"13","2","2","normal","grd_stance","Guardian","1","31","self","0","0","0","-1","-1"
1780414860,"13","2","2","normal","util_for","Unknown","1","32","all_allies","1","0","0","-1","-1"
1780414861,"13","2","2","normal","grd_shield_slam","Guardian","1","32","enemy","0","0","0","1","-1"
1780414866,"13","2","2","normal","grd_taunt","Guardian","1","33","self","0","0","0","-1","-1"
1780414868,"13","2","2","normal","clr_smite","Cleric","1","33","enemy","0","0","0","1","-1"
1780414871,"13","2","2","normal","clr_renew","Cleric","1","33","ally","0","0","0","-1","1"
1780414876,"13","2","2","normal","util_for","Unknown","1","34","all_allies","1","0","0","-1","-1"
1780414877,"13","2","2","normal","grd_shield_slam","Guardian","1","34","enemy","0","0","0","1","-1"
1780414881,"13","2","2","normal","grd_shield_slam","Guardian","1","35","enemy","0","0","0","1","-1"
1780414884,"13","2","2","normal","clr_smite","Cleric","1","35","enemy","0","0","0","1","-1"
1780414887,"13","2","2","normal","grd_taunt","Guardian","1","35","self","0","0","0","-1","-1"
1780414894,"13","2","2","normal","util_for","Unknown","1","36","all_allies","1","0","0","-1","-1"
1780414896,"13","2","2","normal","grd_stance","Guardian","1","36","self","0","0","0","-1","-1"
1780414903,"13","2","2","normal","clr_smite","Cleric","1","37","enemy","0","0","0","1","-1"
1780414905,"13","2","2","normal","grd_shield_slam","Guardian","1","37","enemy","0","0","0","1","-1"
1780414906,"13","2","2","normal","util_for","Unknown","1","37","all_allies","1","0","0","-1","-1"
1780414909,"13","2","2","normal","util_for","Unknown","1","38","all_allies","1","0","0","-1","-1"
1780414917,"13","2","2","normal","grd_shield_slam","Guardian","1","39","enemy","0","0","0","1","-1"
1780414919,"13","2","2","normal","clr_smite","Cleric","1","39","enemy","0","0","0","1","-1"
1780414930,"13","2","2","normal","clr_smite","Cleric","1","40","enemy","0","0","0","1","-1"
1780414932,"13","2","2","normal","util_for","Unknown","1","40","all_allies","1","0","0","-1","-1"
1780414937,"13","2","2","normal","grd_shield_slam","Guardian","1","41","enemy","0","0","0","1","-1"
1780414942,"13","2","2","normal","clr_smite","Cleric","1","42","enemy","0","0","0","1","-1"
1780414944,"13","2","2","normal","util_for","Unknown","1","42","all_allies","1","0","0","-1","-1"
1780414947,"13","2","2","normal","util_energ","Unknown","0","42","self","0","0","0","-1","-1"
1780414948,"13","2","2","normal","grd_taunt","Guardian","1","42","self","0","0","0","-1","-1"
1780414952,"13","2","2","normal","grd_shield_slam","Guardian","1","43","enemy","0","0","0","1","-1"
1780414955,"13","2","2","normal","util_energ","Unknown","0","43","self","0","0","0","-1","-1"
1780414959,"13","2","2","normal","grd_stance","Guardian","1","43","self","0","0","0","-1","-1"
1780414964,"13","2","2","normal","util_for","Unknown","1","44","all_allies","1","0","0","-1","-1"
1780414967,"13","2","2","normal","grd_shield_slam","Guardian","1","44","enemy","0","0","0","1","-1"
1780414969,"13","2","2","normal","clr_smite","Cleric","1","44","enemy","0","0","0","1","-1"
1780414980,"13","2","2","normal","clr_smite","Cleric","1","46","enemy","0","0","0","1","-1"
1780414983,"13","2","2","normal","grd_shield_slam","Guardian","1","46","enemy","0","0","0","1","-1"
1780414988,"13","2","2","normal","util_for","Unknown","1","46","all_allies","1","0","0","-1","-1"
1780414996,"13","2","2","normal","grd_shield_slam","Guardian","1","47","enemy","0","0","0","1","-1"
1780415000,"13","2","2","normal","util_for","Unknown","1","48","all_allies","1","0","0","-1","-1"
1780415007,"13","2","2","normal","clr_smite","Cleric","1","48","enemy","0","0","0","0","-1"
1780415012,"13","2","2","normal","grd_shield_slam","Guardian","1","49","enemy","0","0","0","0","-1"
1780415017,"13","2","2","normal","clr_smite","Cleric","1","50","enemy","0","0","0","0","-1"
1780415019,"13","2","2","normal","util_for","Unknown","1","50","all_allies","1","0","0","-1","-1"
1780415029,"13","2","2","normal","grd_shield_slam","Guardian","1","51","enemy","0","0","0","0","-1"
1780415036,"13","2","2","normal","clr_smite","Cleric","1","52","enemy","0","0","0","0","-1"
1780415037,"13","2","2","normal","util_for","Unknown","1","52","all_allies","1","0","0","-1","-1"
1780415038,"13","2","2","normal","grd_stance","Guardian","1","52","self","0","0","0","-1","-1"
1780415046,"13","2","2","normal","grd_shield_slam","Guardian","1","53","enemy","0","0","0","0","-1"
1780415050,"13","2","2","normal","grd_taunt","Guardian","1","53","self","0","0","0","-1","-1"
1780415056,"13","2","2","normal","util_for","Unknown","1","54","all_allies","1","0","0","-1","-1"
1780415059,"13","2","2","normal","clr_smite","Cleric","1","54","enemy","0","0","0","0","-1"
1780415066,"13","2","2","normal","grd_shield_slam","Guardian","1","55","enemy","0","0","0","0","-1"
1780415075,"13","2","2","normal","clr_smite","Cleric","1","56","enemy","0","0","0","1","-1"
1780415077,"13","2","2","normal","util_for","Unknown","1","56","all_allies","1","0","0","-1","-1"
1780415082,"13","2","2","normal","grd_shield_slam","Guardian","1","57","enemy","0","0","0","1","-1"
1780415087,"13","2","2","normal","clr_smite","Cleric","1","58","enemy","0","0","0","1","-1"
1780415090,"13","2","2","normal","clr_renew","Cleric","1","58","ally","0","0","0","-1","1"
1780415092,"13","2","2","normal","grd_taunt","Guardian","1","58","self","0","0","0","-1","-1"
1780415098,"13","2","2","normal","grd_shield_slam","Guardian","1","59","enemy","0","0","0","1","-1"
1780415099,"13","2","2","normal","util_for","Unknown","1","59","all_allies","1","0","0","-1","-1"
1780415104,"13","2","2","normal","clr_smite","Cleric","1","60","enemy","0","0","0","1","-1"
1780415106,"13","2","2","normal","util_for","Unknown","1","60","all_allies","1","0","0","-1","-1"
1780415111,"13","2","2","normal","grd_shield_slam","Guardian","1","61","enemy","0","0","0","1","-1"
1780415113,"13","2","2","normal","clr_smite","Cleric","1","61","enemy","0","0","0","1","-1"
1780415114,"13","2","2","normal","grd_stance","Guardian","1","61","self","0","0","0","-1","-1"
1780415118,"13","2","2","normal","clr_smite","Cleric","1","62","enemy","0","0","0","1","-1"
1780415119,"13","2","2","normal","util_for","Unknown","1","62","all_allies","1","0","0","-1","-1"
1780415123,"13","2","2","normal","grd_shield_slam","Guardian","1","63","enemy","0","0","0","1","-1"
1780415126,"13","2","2","normal","grd_stance","Guardian","1","63","self","0","0","0","-1","-1"
1780415130,"13","2","2","normal","clr_smite","Cleric","1","64","enemy","0","0","0","1","-1"
1780415131,"13","2","2","normal","util_for","Unknown","1","64","all_allies","1","0","0","-1","-1"
1780415139,"13","2","2","normal","grd_shield_slam","Guardian","1","65","enemy","0","0","0","1","-1"
1780415147,"13","2","2","normal","clr_smite","Cleric","1","66","enemy","0","0","0","1","-1"
1780415148,"13","2","2","normal","util_for","Unknown","1","66","all_allies","1","0","0","-1","-1"
1780415157,"13","2","2","normal","grd_shield_slam","Guardian","1","67","enemy","0","0","0","1","-1"
1780415163,"13","2","2","normal","grd_shield_slam","Guardian","1","68","enemy","0","0","0","0","-1"
1780415165,"13","2","2","normal","clr_smite","Cleric","1","68","enemy","0","0","0","0","-1"
1780415169,"13","2","2","normal","clr_renew","Cleric","1","68","ally","0","0","0","-1","1"
1780415171,"13","2","2","normal","util_for","Unknown","1","68","all_allies","1","0","0","-1","-1"
1780415177,"13","2","2","normal","clr_smite","Cleric","1","69","enemy","0","0","0","0","-1"
1780415178,"13","2","2","normal","util_energ","Unknown","0","69","self","0","0","0","-1","-1"
1780415183,"13","2","2","normal","clr_smite","Cleric","1","70","enemy","0","0","0","1","-1"
1780415186,"13","2","2","normal","grd_shield_slam","Guardian","1","70","enemy","0","0","0","1","-1"
1780415189,"13","2","2","normal","util_for","Unknown","1","70","all_allies","1","0","0","-1","-1"
1780415193,"13","2","2","normal","clr_smite","Cleric","1","71","enemy","0","0","0","0","-1"
1780415199,"13","2","2","normal","util_energ","Unknown","0","71","self","0","0","0","-1","-1"
1780415201,"13","2","2","normal","grd_stance","Guardian","1","71","self","0","0","0","-1","-1"
1780415206,"13","2","2","normal","clr_smite","Cleric","1","72","enemy","0","0","0","1","-1"
1780415209,"13","2","2","normal","grd_shield_slam","Guardian","1","72","enemy","0","0","0","1","-1"
1780415213,"13","2","2","normal","util_for","Unknown","1","72","all_allies","1","0","0","-1","-1"
1780415219,"13","2","2","normal","grd_taunt","Guardian","1","73","self","0","0","0","-1","-1"
1780415223,"13","2","2","normal","util_energ","Unknown","0","74","self","0","0","0","-1","-1"
1780415226,"13","2","2","normal","clr_smite","Cleric","1","74","enemy","0","0","0","0","-1"
1780415228,"13","2","2","normal","grd_shield_slam","Guardian","1","74","enemy","0","0","0","0","-1"
1780415233,"13","2","2","normal","clr_smite","Cleric","1","75","enemy","0","0","0","0","-1"
1780415238,"13","2","2","normal","grd_stance","Guardian","1","75","self","0","0","0","-1","-1"
1780415239,"13","2","2","normal","grd_taunt","Guardian","1","75","self","0","0","0","-1","-1"
1780415244,"13","2","2","normal","clr_smite","Cleric","1","76","enemy","0","0","0","0","-1"
1780415247,"13","2","2","normal","grd_shield_slam","Guardian","1","76","enemy","0","0","0","0","-1"
1780415249,"13","2","2","normal","util_for","Unknown","1","76","all_allies","1","0","0","-1","-1"
1780415257,"13","2","2","normal","clr_renew","Cleric","1","77","ally","0","0","0","-1","1"
1780415264,"13","2","2","normal","grd_shield_slam","Guardian","1","78","enemy","0","0","0","0","-1"
1780415267,"13","2","2","normal","clr_smite","Cleric","1","78","enemy","0","0","0","0","-1"
1780415271,"13","2","2","normal","util_for","Unknown","1","78","all_allies","1","0","0","-1","-1"
1780415278,"13","2","2","normal","util_for","Unknown","1","80","all_allies","1","0","0","-1","-1"
1780415280,"13","2","2","normal","clr_smite","Cleric","1","80","enemy","0","0","0","1","-1"
1780415283,"13","2","2","normal","grd_shield_slam","Guardian","1","80","enemy","0","0","0","1","-1"
1780415296,"13","2","2","normal","grd_shield_slam","Guardian","1","82","enemy","0","0","0","0","-1"
1780415298,"13","2","2","normal","clr_smite","Cleric","1","82","enemy","0","0","0","1","-1"
1780415304,"13","2","2","normal","util_for","Unknown","1","82","all_allies","1","0","0","-1","-1"
1780415313,"13","2","2","normal","clr_smite","Cleric","1","84","enemy","0","0","0","0","-1"
1780415315,"13","2","2","normal","util_for","Unknown","1","84","all_allies","1","0","0","-1","-1"
1780415317,"13","2","2","normal","grd_shield_slam","Guardian","1","84","enemy","0","0","0","1","-1"
1780415322,"13","2","2","normal","grd_shield_slam","Guardian","1","85","enemy","0","0","0","1","-1"
1780415325,"13","2","2","normal","grd_taunt","Guardian","1","85","self","0","0","0","-1","-1"
1780415331,"13","2","2","normal","util_for","Unknown","1","86","all_allies","1","0","0","-1","-1"
1780415335,"13","2","2","normal","clr_smite","Cleric","1","86","enemy","0","0","0","1","-1"
1780415343,"13","2","2","normal","grd_shield_slam","Guardian","1","87","enemy","0","0","0","1","-1"
1780415349,"13","2","2","normal","grd_taunt","Guardian","1","87","self","0","0","0","-1","-1"
1780415350,"13","2","2","normal","grd_stance","Guardian","1","87","self","0","0","0","-1","-1"
1780415355,"13","2","2","normal","util_for","Unknown","1","88","all_allies","1","0","0","-1","-1"
1780415358,"13","2","2","normal","clr_smite","Cleric","1","88","enemy","0","0","0","0","-1"
1780415367,"13","2","2","normal","grd_shield_slam","Guardian","1","89","enemy","0","0","0","1","-1"
1780415372,"13","2","2","normal","util_for","Unknown","1","90","all_allies","1","0","0","-1","-1"
1780415377,"13","2","2","normal","clr_smite","Cleric","1","90","enemy","0","0","0","0","-1"
1780415386,"13","2","2","normal","grd_shield_slam","Guardian","1","91","enemy","0","0","0","0","-1"
1780415392,"13","2","2","normal","util_for","Unknown","1","92","all_allies","1","0","0","-1","-1"
1780415394,"13","2","2","normal","clr_smite","Cleric","1","92","enemy","0","0","0","1","-1"
1780415399,"13","2","2","normal","grd_shield_slam","Guardian","1","93","enemy","0","0","0","1","-1"
1780415406,"13","2","2","normal","clr_smite","Cleric","1","94","enemy","0","0","0","0","-1"
1780415411,"13","2","2","normal","util_for","Unknown","1","94","all_allies","1","0","0","-1","-1"
1780415417,"13","2","2","normal","clr_smite","Cleric","1","95","enemy","0","0","0","0","-1"
1780415419,"13","2","2","normal","grd_shield_slam","Guardian","1","95","enemy","0","0","0","0","-1"
1780415426,"13","2","2","normal","util_for","Unknown","1","96","all_allies","1","0","0","-1","-1"
1780415428,"13","2","2","normal","grd_taunt","Guardian","1","96","self","0","0","0","-1","-1"
1780415436,"13","2","2","normal","clr_smite","Cleric","1","97","enemy","0","0","0","0","-1"
1780415439,"13","2","2","normal","grd_shield_slam","Guardian","1","97","enemy","0","0","0","0","-1"
1780415440,"13","2","2","normal","grd_taunt","Guardian","1","97","self","0","0","0","-1","-1"
1780415442,"13","2","2","normal","grd_stance","Guardian","1","97","self","0","0","0","-1","-1"
1780415445,"13","2","2","normal","util_for","Unknown","1","98","all_allies","1","0","0","-1","-1"
1780415448,"13","2","2","normal","util_energ","Unknown","0","98","self","0","0","0","-1","-1"
1780415450,"13","2","2","normal","clr_heal","Cleric","1","98","ally","0","0","0","-1","1"
1780415456,"13","2","2","normal","grd_shield_slam","Guardian","1","99","enemy","0","0","0","1","-1"
1780415459,"13","2","2","normal","clr_smite","Cleric","1","99","enemy","0","0","0","1","-1"
1780415463,"13","2","2","normal","util_for","Unknown","1","100","all_allies","1","0","0","-1","-1"
1780415465,"13","2","2","normal","util_energ","Unknown","0","100","self","0","0","0","-1","-1"
1780415471,"13","2","2","normal","grd_shield_slam","Guardian","1","101","enemy","0","0","0","1","-1"
1780415473,"13","2","2","normal","clr_smite","Cleric","1","101","enemy","0","0","0","1","-1"
1780415478,"13","2","2","normal","util_for","Unknown","1","102","all_allies","1","0","0","-1","-1"
1780415487,"13","2","2","normal","clr_smite","Cleric","1","103","enemy","0","0","0","1","-1"
1780415491,"13","2","2","normal","grd_shield_slam","Guardian","1","103","enemy","0","0","0","0","-1"
1780415496,"13","2","2","normal","util_for","Unknown","1","104","all_allies","1","0","0","-1","-1"
1780415500,"13","2","2","normal","clr_renew","Cleric","1","104","ally","0","0","0","-1","1"
1780415506,"13","2","2","normal","grd_shield_slam","Guardian","1","105","enemy","0","0","0","1","-1"
1780415508,"13","2","2","normal","clr_smite","Cleric","1","105","enemy","0","0","0","1","-1"
1780415515,"13","2","2","normal","clr_smite","Cleric","1","106","enemy","0","0","0","0","-1"
1780415518,"13","2","2","normal","util_for","Unknown","1","106","all_allies","1","0","0","-1","-1"
1780415524,"13","2","2","normal","grd_shield_slam","Guardian","1","107","enemy","0","0","0","0","-1"
1780415530,"13","2","2","normal","clr_smite","Cleric","1","108","enemy","0","0","0","1","-1"
1780415532,"13","2","2","normal","util_for","Unknown","1","108","all_allies","1","0","0","-1","-1"
1780415537,"13","2","2","normal","grd_shield_slam","Guardian","1","109","enemy","0","0","0","1","-1"
1780415542,"13","2","2","normal","grd_shield_slam","Guardian","1","110","enemy","0","0","0","1","-1"
1780415544,"13","2","2","normal","clr_smite","Cleric","1","110","enemy","0","0","0","1","-1"
1780415547,"13","2","2","normal","util_for","Unknown","1","110","all_allies","1","0","0","-1","-1"
1780415551,"13","2","2","normal","util_for","Unknown","1","111","all_allies","1","0","0","-1","-1"
1780415555,"13","2","2","normal","grd_taunt","Guardian","1","111","self","0","0","0","-1","-1"
1780415561,"13","2","2","normal","clr_smite","Cleric","1","112","enemy","0","0","0","0","-1"
1780415563,"13","2","2","normal","grd_shield_slam","Guardian","1","112","enemy","0","0","0","1","-1"
1780415567,"13","2","2","normal","util_for","Unknown","1","113","all_allies","1","0","0","-1","-1"
1780415569,"13","2","2","normal","util_energ","Unknown","0","113","self","0","0","0","-1","-1"
1780415576,"13","2","2","normal","clr_smite","Cleric","1","114","enemy","0","0","0","0","-1"
1780415579,"13","2","2","normal","grd_shield_slam","Guardian","1","114","enemy","0","0","0","1","-1"
1780415585,"13","2","2","normal","util_for","Unknown","1","115","all_allies","1","0","0","-1","-1"
1780415586,"13","2","2","normal","grd_stance","Guardian","1","115","self","0","0","0","-1","-1"
1780415592,"13","2","2","normal","clr_smite","Cleric","1","116","enemy","0","0","0","0","-1"
1780415595,"13","2","2","normal","grd_shield_slam","Guardian","1","116","enemy","0","0","0","1","-1"
1780415598,"13","2","2","normal","util_for","Unknown","1","117","all_allies","1","0","0","-1","-1"
1780415600,"13","2","2","normal","grd_taunt","Guardian","1","117","self","0","0","0","-1","-1"
1780415605,"13","2","2","normal","clr_smite","Cleric","1","118","enemy","0","0","0","0","-1"
1780415607,"13","2","2","normal","grd_shield_slam","Guardian","1","118","enemy","0","0","0","0","-1"
1780415610,"13","2","2","normal","grd_stance","Guardian","1","118","self","0","0","0","-1","-1"
1780415615,"13","2","2","normal","util_for","Unknown","1","119","all_allies","1","0","0","-1","-1"
1780415617,"13","2","2","normal","grd_taunt","Guardian","1","119","self","0","0","0","-1","-1"
1780415622,"13","2","2","normal","grd_shield_slam","Guardian","1","120","enemy","0","0","0","1","-1"
1780415625,"13","2","2","normal","clr_smite","Cleric","1","120","enemy","0","0","0","1","-1"
1780415633,"13","2","2","normal","grd_shield_slam","Guardian","1","121","enemy","0","0","0","1","-1"
1780415636,"13","2","2","normal","util_for","Unknown","1","121","all_allies","1","0","0","-1","-1"
1780415642,"13","2","2","normal","clr_smite","Cleric","1","122","enemy","0","0","0","1","-1"
1780415644,"13","2","2","normal","grd_taunt","Guardian","1","122","self","0","0","0","-1","-1"
1780415649,"13","2","2","normal","util_for","Unknown","1","123","all_allies","1","0","0","-1","-1"
1780415652,"13","2","2","normal","grd_shield_slam","Guardian","1","123","enemy","0","0","0","0","-1"
1780415654,"13","2","2","normal","clr_smite","Cleric","1","123","enemy","0","0","0","0","-1"
1780415660,"13","2","2","normal","clr_smite","Cleric","1","124","enemy","0","0","0","1","-1"
1780415666,"13","2","2","normal","util_for","Unknown","1","125","all_allies","1","0","0","-1","-1"
1780415669,"13","2","2","normal","grd_shield_slam","Guardian","1","125","enemy","0","0","0","1","-1"
1780415676,"13","2","2","normal","clr_smite","Cleric","1","126","enemy","0","0","0","0","-1"
1780415679,"13","2","2","normal","grd_taunt","Guardian","1","126","self","0","0","0","-1","-1"
1780415684,"13","2","2","normal","util_for","Unknown","1","127","all_allies","1","0","0","-1","-1"
1780415687,"13","2","2","normal","grd_shield_slam","Guardian","1","127","enemy","0","0","0","0","-1"
1780415692,"13","2","2","normal","grd_shield_slam","Guardian","1","128","enemy","0","0","0","0","-1"
1780415695,"13","2","2","normal","clr_smite","Cleric","1","128","enemy","0","0","0","0","-1"
1780415700,"13","2","2","normal","grd_shield_slam","Guardian","1","129","enemy","0","0","0","1","-1"
1780415701,"13","2","2","normal","util_for","Unknown","1","129","all_allies","1","0","0","-1","-1"
1780415707,"13","2","2","normal","clr_smite","Cleric","1","130","enemy","0","0","0","1","-1"
1780415713,"13","2","2","normal","grd_shield_slam","Guardian","1","131","enemy","0","0","0","1","-1"
1780415714,"13","2","2","normal","util_for","Unknown","1","131","all_allies","1","0","0","-1","-1"
1780415717,"13","2","2","normal","clr_renew","Cleric","1","131","ally","0","0","0","-1","1"
1780415725,"13","2","2","normal","clr_smite","Cleric","1","132","enemy","0","0","0","1","-1"
1780415732,"13","2","2","normal","grd_shield_slam","Guardian","1","133","enemy","0","0","0","0","-1"
1780415734,"13","2","2","normal","util_for","Unknown","1","133","all_allies","1","0","0","-1","-1"
1780415742,"13","2","2","normal","clr_smite","Cleric","1","134","enemy","0","0","0","0","-1"
1780415754,"13","2","2","normal","grd_shield_slam","Guardian","1","135","enemy","0","0","0","1","-1"
1780415767,"13","2","2","normal","clr_smite","Cleric","1","136","enemy","0","0","0","0","-1"
1780415779,"13","2","2","normal","grd_shield_slam","Guardian","1","137","enemy","0","0","0","0","-1"
1780415784,"13","2","2","normal","grd_shield_slam","Guardian","1","138","enemy","0","0","0","0","-1"
1780415786,"13","2","2","normal","clr_smite","Cleric","1","138","enemy","0","0","0","0","-1"
1780415798,"13","2","2","normal","grd_shield_slam","Guardian","1","140","enemy","0","0","0","1","-1"
1780415801,"13","2","2","normal","clr_smite","Cleric","1","140","enemy","0","0","0","0","-1"
1780415808,"13","2","2","normal","util_for","Unknown","1","141","all_allies","1","0","0","-1","-1"
1780415811,"13","2","2","normal","clr_renew","Cleric","1","141","ally","0","0","0","-1","1"
1780415818,"13","2","2","normal","grd_shield_slam","Guardian","1","142","enemy","0","0","0","0","-1"
1780415822,"13","2","2","normal","clr_smite","Cleric","1","142","enemy","0","0","0","1","-1"
1780415825,"13","2","2","normal","util_for","Unknown","1","142","all_allies","1","0","0","-1","-1"
1780415834,"13","2","2","normal","clr_smite","Cleric","1","144","enemy","0","0","0","1","-1"
1780415836,"13","2","2","normal","grd_shield_slam","Guardian","1","144","enemy","0","0","0","1","-1"
1780415841,"13","2","2","normal","clr_smite","Cleric","1","145","enemy","0","0","0","1","-1"
1780415851,"13","2","2","normal","grd_shield_slam","Guardian","1","146","enemy","0","0","0","1","-1"
1780415853,"13","2","2","normal","util_for","Unknown","1","146","all_allies","1","0","0","-1","-1"
1780415857,"13","2","2","normal","clr_smite","Cleric","1","147","enemy","0","0","0","1","-1"
1780415863,"13","2","2","normal","clr_smite","Cleric","1","148","enemy","0","0","0","1","-1"
1780415866,"13","2","2","normal","grd_shield_slam","Guardian","1","148","enemy","0","0","0","1","-1"
1780415871,"13","2","2","normal","grd_shield_slam","Guardian","1","149","enemy","0","0","0","1","-1"
1780415875,"13","2","2","normal","grd_shield_slam","Guardian","1","150","enemy","0","0","0","1","-1"
1780415878,"13","2","2","normal","clr_smite","Cleric","1","150","enemy","0","0","0","1","-1"
1780415880,"13","2","2","normal","util_for","Unknown","1","150","all_allies","1","0","0","-1","-1"
1780415885,"13","2","2","normal","grd_shield_slam","Guardian","1","151","enemy","0","0","0","1","-1"
1780415890,"13","2","2","normal","clr_smite","Cleric","1","152","enemy","0","0","0","1","-1"
1780415893,"13","2","2","normal","util_for","Unknown","1","152","all_allies","1","0","0","-1","-1"
1780415897,"13","2","2","normal","util_for","Unknown","1","153","all_allies","1","0","0","-1","-1"
1780415901,"13","2","2","normal","grd_shield_slam","Guardian","1","153","enemy","0","0","0","1","-1"
1780415907,"13","2","2","normal","clr_smite","Cleric","1","154","enemy","0","0","0","1","-1"
1780415923,"13","2","2","normal","grd_shield_slam","Guardian","1","155","enemy","0","0","0","1","-1"
1780415925,"13","2","2","normal","clr_smite","Cleric","1","155","enemy","0","0","0","1","-1"
1780415928,"13","2","2","normal","util_for","Unknown","1","156","all_allies","1","0","0","-1","-1"
1780415933,"13","2","2","normal","grd_shield_slam","Guardian","1","157","enemy","0","0","0","1","-1"
1780415935,"13","2","2","normal","clr_smite","Cleric","1","157","enemy","0","0","0","1","-1"
1780415942,"13","2","2","normal","clr_smite","Cleric","1","159","enemy","0","0","0","1","-1"
1780415944,"13","2","2","normal","grd_shield_slam","Guardian","1","159","enemy","0","0","0","1","-1"
1780415952,"13","2","2","normal","grd_shield_slam","Guardian","1","161","enemy","0","0","0","1","-1"
1780415954,"13","2","2","normal","clr_smite","Cleric","1","161","enemy","0","0","0","1","-1"
1780415962,"13","2","2","normal","grd_shield_slam","Guardian","1","163","enemy","0","0","0","1","-1"
1780415965,"13","2","2","normal","clr_smite","Cleric","1","163","enemy","0","0","0","1","-1"
1780415969,"13","2","2","normal","util_energ","Unknown","0","164","self","0","0","0","-1","-1"
1780415976,"13","2","2","normal","grd_shield_slam","Guardian","1","165","enemy","0","0","0","0","-1"
1780415978,"13","2","2","normal","clr_smite","Cleric","1","165","enemy","0","0","0","0","-1"
1780416001,"13","2","2","normal","util_for","Unknown","1","166","all_allies","1","0","0","-1","-1"
1780416009,"13","2","2","normal","clr_smite","Cleric","1","167","enemy","0","0","0","1","-1"
1780416012,"13","2","2","normal","grd_shield_slam","Guardian","1","167","enemy","0","0","0","0","-1"
1780416018,"13","2","2","normal","clr_smite","Cleric","1","168","enemy","0","0","0","0","-1"
1780416024,"13","2","2","normal","grd_shield_slam","Guardian","1","169","enemy","0","0","0","0","-1"
1780416026,"13","2","2","normal","util_for","Unknown","1","169","all_allies","1","0","0","-1","-1"
1780416028,"13","2","2","normal","clr_renew","Cleric","1","169","ally","0","0","0","-1","1"
1780416033,"13","2","2","normal","clr_smite","Cleric","1","170","enemy","0","0","0","0","-1"
1780416035,"13","2","2","normal","grd_shield_slam","Guardian","1","170","enemy","0","0","0","0","-1"
1780416042,"13","2","2","normal","util_for","Unknown","1","171","all_allies","1","0","0","-1","-1"
1780416046,"13","2","2","normal","clr_smite","Cleric","1","172","enemy","0","0","0","1","-1"
1780416049,"13","2","2","normal","grd_shield_slam","Guardian","1","172","enemy","0","0","0","0","-1"
1780416054,"13","2","2","normal","clr_smite","Cleric","1","173","enemy","0","0","0","1","-1"
1780416059,"13","2","2","normal","grd_shield_slam","Guardian","1","174","enemy","0","0","0","1","-1"
1780416065,"13","2","2","normal","clr_smite","Cleric","1","175","enemy","0","0","0","1","-1"
1780416071,"13","2","2","normal","grd_shield_slam","Guardian","1","176","enemy","0","0","0","1","-1"
1780416094,"13","2","2","normal","clr_smite","Cleric","1","185","enemy","0","0","0","1","-1"
1780416099,"13","2","2","normal","grd_shield_slam","Guardian","1","186","enemy","0","0","0","1","-1"
1780416101,"13","2","2","normal","clr_smite","Cleric","1","186","enemy","0","0","0","1","-1"
1780416109,"13","2","2","normal","grd_shield_slam","Guardian","1","188","enemy","0","0","0","1","-1"
1780416112,"13","2","2","normal","clr_smite","Cleric","1","188","enemy","0","0","0","1","-1"
1780416118,"13","2","2","normal","grd_shield_slam","Guardian","1","189","enemy","0","0","0","1","-1"
1780416124,"13","2","2","normal","clr_smite","Cleric","1","190","enemy","0","0","0","1","-1"
1780416129,"13","2","2","normal","grd_shield_slam","Guardian","1","191","enemy","0","0","0","1","-1"
1780416131,"13","2","2","normal","clr_smite","Cleric","1","191","enemy","0","0","0","1","-1"
1780416135,"13","2","2","normal","grd_shield_slam","Guardian","1","192","enemy","0","0","0","1","-1"
1780416142,"13","2","2","normal","grd_taunt","Guardian","1","193","self","0","0","0","-1","-1"
1780416150,"13","2","2","normal","grd_shield_slam","Guardian","1","194","enemy","0","0","0","1","-1"
1780416155,"13","2","2","normal","grd_shield_slam","Guardian","1","195","enemy","0","0","0","1","-1"
1780416161,"13","2","2","normal","grd_taunt","Guardian","1","195","self","0","0","0","-1","-1"
1780416162,"13","2","2","normal","util_for","Unknown","1","195","all_allies","1","0","0","-1","-1"
1780416166,"13","2","2","normal","grd_shield_slam","Guardian","1","196","enemy","0","0","0","1","-1"
1780416168,"13","2","2","normal","grd_stance","Guardian","1","196","self","0","0","0","-1","-1"
1780416169,"13","2","2","normal","util_energ","Unknown","0","196","self","0","0","0","-1","-1"
1780416170,"13","2","2","normal","util_for","Unknown","1","196","all_allies","1","0","0","-1","-1"
1780416175,"13","2","2","normal","grd_shield_slam","Guardian","1","197","enemy","0","0","0","0","-1"
1780416178,"13","2","2","normal","grd_taunt","Guardian","1","197","self","0","0","0","-1","-1"
1780416179,"13","2","2","normal","grd_stance","Guardian","1","197","self","0","0","0","-1","-1"
1780416181,"13","2","2","normal","util_for","Unknown","1","197","all_allies","1","0","0","-1","-1"
1780416185,"13","2","2","normal","grd_shield_slam","Guardian","1","198","enemy","0","0","0","0","-1"
1780416188,"13","2","2","normal","util_energ","Unknown","0","198","self","0","0","0","-1","-1"
1780416192,"13","2","2","normal","grd_shield_slam","Guardian","1","199","enemy","0","0","0","0","-1"
1780416198,"13","2","2","normal","grd_shield_slam","Guardian","1","200","enemy","0","0","0","1","-1"
1780416202,"13","2","2","normal","grd_shield_slam","Guardian","1","201","enemy","0","0","0","1","-1"
1780416206,"13","2","2","normal","grd_shield_slam","Guardian","1","202","enemy","0","0","0","1","-1"
1780416208,"13","2","2","normal","grd_taunt","Guardian","1","202","self","0","0","0","-1","-1"
1780416212,"13","2","2","normal","grd_shield_slam","Guardian","1","203","enemy","0","0","0","1","-1"
1780416218,"13","2","2","normal","grd_shield_slam","Guardian","1","204","enemy","0","0","0","1","-1"
1780416222,"13","2","2","normal","grd_shield_slam","Guardian","1","205","enemy","0","0","0","1","-1"
1780416227,"13","2","2","normal","grd_shield_slam","Guardian","1","206","enemy","0","0","0","1","-1"
1780416233,"13","2","2","normal","grd_shield_slam","Guardian","1","207","enemy","0","0","0","1","-1"
1780416238,"13","2","2","normal","grd_shield_slam","Guardian","1","208","enemy","0","0","0","1","-1"
1780416243,"13","2","2","normal","grd_shield_slam","Guardian","1","209","enemy","0","0","0","1","-1"
1780416252,"13","2","2","normal","grd_shield_slam","Guardian","1","210","enemy","0","0","0","0","-1"
1780416257,"13","2","2","normal","grd_shield_slam","Guardian","1","211","enemy","0","0","0","1","-1"
1780416262,"13","2","2","normal","grd_shield_slam","Guardian","1","212","enemy","0","0","0","0","-1"
1780416267,"13","2","2","normal","grd_shield_slam","Guardian","1","213","enemy","0","0","0","0","-1"
1780416272,"13","2","2","normal","grd_shield_slam","Guardian","1","214","enemy","0","0","0","0","-1"
1780416276,"13","2","2","normal","grd_shield_slam","Guardian","1","215","enemy","0","0","0","0","-1"
1780416280,"13","2","2","normal","grd_shield_slam","Guardian","1","216","enemy","0","0","0","0","-1"
1780416284,"13","2","2","normal","grd_shield_slam","Guardian","1","217","enemy","0","0","0","0","-1"
1780416289,"13","2","2","normal","grd_shield_slam","Guardian","1","218","enemy","0","0","0","1","-1"
1780416294,"13","2","2","normal","grd_shield_slam","Guardian","1","219","enemy","0","0","0","0","-1"
1780416298,"13","2","2","normal","grd_shield_slam","Guardian","1","220","enemy","0","0","0","0","-1"
1780416303,"13","2","2","normal","grd_shield_slam","Guardian","1","221","enemy","0","0","0","1","-1"
1780416307,"13","2","2","normal","grd_shield_slam","Guardian","1","222","enemy","0","0","0","1","-1"
1780416310,"13","2","2","normal","grd_shield_slam","Guardian","1","223","enemy","0","0","0","1","-1"
1780416315,"13","2","2","normal","grd_shield_slam","Guardian","1","224","enemy","0","0","0","1","-1"
1780416320,"13","2","2","normal","grd_shield_slam","Guardian","1","225","enemy","0","0","0","1","-1"
1780416326,"13","2","2","normal","grd_shield_slam","Guardian","1","226","enemy","0","0","0","1","-1"
1780416332,"13","2","2","normal","util_for","Unknown","1","226","all_allies","1","0","0","-1","-1"
1780416334,"13","2","2","normal","grd_stance","Guardian","1","226","self","0","0","0","-1","-1"
1780416335,"13","2","2","normal","grd_taunt","Guardian","1","226","self","0","0","0","-1","-1"
1780416336,"13","2","2","normal","util_energ","Unknown","0","226","self","0","0","0","-1","-1"
1780416340,"13","2","2","normal","grd_stance","Guardian","1","227","self","0","0","0","-1","-1"
1780416342,"13","2","2","normal","grd_taunt","Guardian","1","227","self","0","0","0","-1","-1"
1780416345,"13","2","2","normal","grd_shield_slam","Guardian","1","227","enemy","0","0","0","0","-1"
1780416349,"13","2","2","normal","grd_stance","Guardian","1","228","self","0","0","0","-1","-1"
1780416350,"13","2","2","normal","util_for","Unknown","1","228","all_allies","1","0","0","-1","-1"
1780416353,"13","2","2","normal","grd_shield_slam","Guardian","1","228","enemy","0","0","0","0","-1"
1780416357,"13","2","2","normal","util_for","Unknown","1","229","all_allies","1","0","0","-1","-1"
1780416358,"13","2","2","normal","grd_stance","Guardian","1","229","self","0","0","0","-1","-1"
1780416361,"13","2","2","normal","grd_shield_slam","Guardian","1","229","enemy","0","0","0","1","-1"
1780416365,"13","2","2","normal","grd_shield_slam","Guardian","1","230","enemy","0","0","0","0","-1"
1780416370,"13","2","2","normal","grd_shield_slam","Guardian","1","231","enemy","0","0","0","0","-1"
1780416374,"13","2","2","normal","grd_shield_slam","Guardian","1","232","enemy","0","0","0","1","-1"
1780416379,"13","2","2","normal","grd_shield_slam","Guardian","1","233","enemy","0","0","0","1","-1"
1780416384,"13","2","2","normal","grd_shield_slam","Guardian","1","234","enemy","0","0","0","1","-1"
1780416387,"13","2","2","normal","grd_shield_slam","Guardian","1","235","enemy","0","0","0","1","-1"
1780416391,"13","2","2","normal","grd_shield_slam","Guardian","1","236","enemy","0","0","0","1","-1"
1780416395,"13","2","2","normal","grd_shield_slam","Guardian","1","237","enemy","0","0","0","1","-1"
1780416400,"13","2","2","normal","grd_shield_slam","Guardian","1","238","enemy","0","0","0","1","-1"
1780416405,"13","2","2","normal","grd_shield_slam","Guardian","1","239","enemy","0","0","0","0","-1"
1780416407,"13","2","2","normal","util_energ","Unknown","0","239","self","0","0","0","-1","-1"
1780416408,"13","2","2","normal","grd_stance","Guardian","1","239","self","0","0","0","-1","-1"
1780416409,"13","2","2","normal","grd_taunt","Guardian","1","239","self","0","0","0","-1","-1"
1780416410,"13","2","2","normal","util_for","Unknown","1","239","all_allies","1","0","0","-1","-1"
1780416414,"13","2","2","normal","grd_shield_slam","Guardian","1","240","enemy","0","0","0","0","-1"
1780416416,"13","2","2","normal","grd_taunt","Guardian","1","240","self","0","0","0","-1","-1"
1780416418,"13","2","2","normal","util_for","Unknown","1","240","all_allies","1","0","0","-1","-1"
1780416419,"13","2","2","normal","grd_stance","Guardian","1","240","self","0","0","0","-1","-1"
1780416421,"13","2","2","normal","grd_stance","Guardian","1","241","self","0","0","0","-1","-1"
1780416422,"13","2","2","normal","util_for","Unknown","1","241","all_allies","1","0","0","-1","-1"
1780416424,"13","2","2","normal","grd_shield_slam","Guardian","1","241","enemy","0","0","0","0","-1"
1780416427,"13","2","2","normal","util_energ","Unknown","0","242","self","0","0","0","-1","-1"
1780416428,"13","2","2","normal","grd_stance","Guardian","1","242","self","0","0","0","-1","-1"
1780416429,"13","2","2","normal","util_for","Unknown","1","242","all_allies","1","0","0","-1","-1"
1780416431,"13","2","2","normal","grd_shield_slam","Guardian","1","242","enemy","0","0","0","0","-1"
1780416434,"13","2","2","normal","grd_taunt","Guardian","1","243","self","0","0","0","-1","-1"
1780416435,"13","2","2","normal","util_for","Unknown","1","243","all_allies","1","0","0","-1","-1"
1780416437,"13","2","2","normal","grd_shield_slam","Guardian","1","243","enemy","0","0","0","0","-1"
1780416438,"13","2","2","normal","grd_stance","Guardian","1","243","self","0","0","0","-1","-1"
1780416441,"13","2","2","normal","grd_taunt","Guardian","1","244","self","0","0","0","-1","-1"
1780416442,"13","2","2","normal","grd_stance","Guardian","1","244","self","0","0","0","-1","-1"
1780416444,"13","2","2","normal","grd_shield_slam","Guardian","1","244","enemy","0","0","0","0","-1"
1780416447,"13","2","2","normal","grd_taunt","Guardian","1","245","self","0","0","0","-1","-1"
1780416449,"13","2","2","normal","grd_shield_slam","Guardian","1","245","enemy","0","0","0","1","-1"
1780416453,"13","2","2","normal","grd_shield_slam","Guardian","1","246","enemy","0","0","0","1","-1"
1780416458,"13","2","2","normal","grd_shield_slam","Guardian","1","247","enemy","0","0","0","1","-1"
1780416463,"13","2","2","normal","grd_shield_slam","Guardian","1","248","enemy","0","0","0","1","-1"
1780416467,"13","2","2","normal","grd_shield_slam","Guardian","1","249","enemy","0","0","0","1","-1"
1780416470,"13","2","2","normal","grd_shield_slam","Guardian","1","250","enemy","0","0","0","1","-1"
1780416474,"13","2","2","normal","grd_shield_slam","Guardian","1","251","enemy","0","0","0","1","-1"
1780416476,"13","2","2","normal","grd_taunt","Guardian","1","251","self","0","0","0","-1","-1"
1780416477,"13","2","2","normal","util_for","Unknown","1","251","all_allies","1","0","0","-1","-1"
1780416481,"13","2","2","normal","grd_shield_slam","Guardian","1","252","enemy","0","0","0","1","-1"
1780416486,"13","2","2","normal","grd_shield_slam","Guardian","1","253","enemy","0","0","0","1","-1"
1780416490,"13","2","2","normal","grd_shield_slam","Guardian","1","254","enemy","0","0","0","1","-1"
1780416493,"13","2","2","normal","grd_shield_slam","Guardian","1","255","enemy","0","0","0","1","-1"
1780416497,"13","2","2","normal","grd_shield_slam","Guardian","1","256","enemy","0","0","0","1","-1"
1780416503,"13","2","2","normal","grd_shield_slam","Guardian","1","257","enemy","0","0","0","1","-1"
1780416508,"13","2","2","normal","grd_shield_slam","Guardian","1","258","enemy","0","0","0","1","-1"
1780416512,"13","2","2","normal","grd_shield_slam","Guardian","1","259","enemy","0","0","0","1","-1"
1780416517,"13","2","2","normal","grd_shield_slam","Guardian","1","260","enemy","0","0","0","1","-1"
1780416522,"13","2","2","normal","grd_shield_slam","Guardian","1","261","enemy","0","0","0","1","-1"
1780416526,"13","2","2","normal","grd_shield_slam","Guardian","1","262","enemy","0","0","0","1","-1"
1780416531,"13","2","2","normal","grd_shield_slam","Guardian","1","263","enemy","0","0","0","1","-1"
1780416535,"13","2","2","normal","grd_shield_slam","Guardian","1","264","enemy","0","0","0","1","-1"
1780416539,"13","2","2","normal","grd_shield_slam","Guardian","1","265","enemy","0","0","0","1","-1"
1780416543,"13","2","2","normal","grd_shield_slam","Guardian","1","266","enemy","0","0","0","1","-1"
1780416547,"13","2","2","normal","grd_shield_slam","Guardian","1","267","enemy","0","0","0","1","-1"
1780416551,"13","2","2","normal","grd_shield_slam","Guardian","1","268","enemy","0","0","0","1","-1"
1780416556,"13","2","2","normal","grd_shield_slam","Guardian","1","269","enemy","0","0","0","1","-1"
1780416562,"13","2","2","normal","grd_shield_slam","Guardian","1","270","enemy","0","0","0","1","-1"
1780416566,"13","2","2","normal","grd_shield_slam","Guardian","1","271","enemy","0","0","0","1","-1"
1780416570,"13","2","2","normal","grd_shield_slam","Guardian","1","272","enemy","0","0","0","1","-1"
1780416573,"13","2","2","normal","grd_shield_slam","Guardian","1","273","enemy","0","0","0","1","-1"
1780416577,"13","2","2","normal","grd_shield_slam","Guardian","1","274","enemy","0","0","0","1","-1"
1780416581,"13","2","2","normal","grd_shield_slam","Guardian","1","275","enemy","0","0","0","1","-1"
1780416585,"13","2","2","normal","grd_shield_slam","Guardian","1","276","enemy","0","0","0","1","-1"
1780416589,"13","2","2","normal","grd_shield_slam","Guardian","1","277","enemy","0","0","0","1","-1"
1780416592,"13","2","2","normal","grd_shield_slam","Guardian","1","278","enemy","0","0","0","1","-1"
1780416596,"13","2","2","normal","grd_shield_slam","Guardian","1","279","enemy","0","0","0","1","-1"
1780416600,"13","2","2","normal","grd_shield_slam","Guardian","1","280","enemy","0","0","0","1","-1"
1780423088,"13","2","1","normal","wlk_corruption","Warlock","1","1","enemy","0","0","0","0","-1"
1780423089,"13","2","1","normal","wlk_life_tap","Warlock","0","1","self","0","0","0","-1","-1"
1780423103,"13","2","1","normal","rng_trap","Ranger","1","1","enemy","0","0","0","0","-1"
1780423105,"13","2","1","normal","mag_missiles","Mage","1","1","enemy","0","0","0","0","-1"
1780423109,"13","2","1","normal","rng_shot","Ranger","1","1","enemy","0","0","0","0","-1"
1780423111,"13","2","1","normal","rng_aim","Ranger","2","1","enemy","0","0","0","0","-1"
1780423112,"13","2","1","normal","util_energ","Unknown","0","1","self","0","0","0","-1","-1"
1780423128,"13","2","1","normal","wlk_life_tap","Warlock","0","2","self","0","0","0","-1","-1"
1780423137,"13","2","1","normal","wlk_drain_life","Warlock","1","2","enemy","0","0","0","0","-1"
1780423248,"13","2","1","elite","wlk_corruption","Warlock","1","1","enemy","0","0","0","0","-1"
1780423250,"13","2","1","elite","rng_multishot","Ranger","1","1","all_enemies","0","0","0","-1","-1"
1780423260,"13","2","1","elite","wlk_shadow_bolt","Warlock","1","1","enemy","0","0","0","1","-1"
1780423265,"13","2","1","elite","rng_aim","Ranger","2","1","enemy","0","0","0","0","-1"
1780423266,"13","2","1","elite","util_energ","Unknown","0","1","self","0","0","0","-1","-1"
1780423273,"13","2","1","elite","wlk_drain_life","Warlock","1","2","enemy","0","0","0","0","-1"
1780423278,"13","2","1","elite","wlk_corruption","Warlock","1","2","enemy","0","0","0","1","-1"
1780423282,"13","2","1","elite","rng_shot","Ranger","1","2","enemy","0","0","0","1","-1"
1780423289,"13","2","1","elite","mag_frostbolt","Mage","1","2","enemy","1","0","0","1","-1"
1780423296,"13","2","1","elite","wlk_life_tap","Warlock","0","3","self","0","0","0","-1","-1"
1780423298,"13","2","1","elite","rng_multishot","Ranger","1","3","all_enemies","0","0","0","-1","-1"
1780423301,"13","2","1","elite","rng_trap","Ranger","1","3","enemy","0","0","0","0","-1"
1780423303,"13","2","1","elite","mag_scorch","Mage","0","3","enemy","0","0","0","0","-1"
1780423305,"13","2","1","elite","rng_aim","Ranger","2","3","enemy","0","0","0","0","-1"
1780423315,"13","2","1","elite","mag_missiles","Mage","1","4","enemy","0","0","0","0","-1"
1780423324,"13","2","1","elite","wlk_shadow_bolt","Warlock","1","4","enemy","0","0","0","0","-1"
1780423382,"13","2","1","boss","wlk_corruption","Warlock","1","1","enemy","0","0","0","0","-1"
1780423390,"13","2","1","boss","wlk_shadow_bolt","Warlock","1","1","enemy","0","0","0","0","-1"
1780423392,"13","2","1","boss","mag_fireball","Mage","2","1","enemy","0","0","0","0","-1"
1780423395,"13","2","1","boss","mag_scorch","Mage","0","1","enemy","0","0","0","0","-1"
1780423400,"13","2","1","boss","rng_shot","Ranger","1","1","enemy","0","0","0","1","-1"
1780423410,"13","2","1","boss","rng_trap","Ranger","1","2","enemy","0","0","0","1","-1"
1780423413,"13","2","1","boss","rng_multishot","Ranger","1","2","all_enemies","0","0","0","-1","-1"
1780423414,"13","2","1","boss","util_energ","Unknown","0","2","self","0","0","0","-1","-1"
1780423416,"13","2","1","boss","mag_scorch","Mage","0","2","enemy","0","0","0","1","-1"
1780423418,"13","2","1","boss","rng_aim","Ranger","2","2","enemy","0","0","0","1","-1"
1780423424,"13","2","1","boss","wlk_life_tap","Warlock","0","3","self","0","0","0","-1","-1"
1780423427,"13","2","1","boss","wlk_corruption","Warlock","1","3","enemy","0","0","0","1","-1"
1780423432,"13","2","1","boss","rng_shot","Ranger","1","3","enemy","0","0","0","1","-1"
1780423433,"13","2","1","boss","rng_multishot","Ranger","1","3","all_enemies","0","0","0","-1","-1"
1780423441,"13","2","1","boss","wlk_drain_life","Warlock","1","4","enemy","0","0","0","0","-1"
1780423444,"13","2","1","boss","rng_multishot","Ranger","1","4","all_enemies","0","0","0","-1","-1"
1780423446,"13","2","1","boss","wlk_corruption","Warlock","1","4","enemy","0","0","0","0","-1"
1780423448,"13","2","1","boss","wlk_shadow_bolt","Warlock","1","4","enemy","0","0","0","0","-1"
1780423454,"13","2","1","boss","wlk_life_tap","Warlock","0","5","self","0","0","0","-1","-1"
1780423457,"13","2","1","boss","wlk_shadow_bolt","Warlock","1","5","enemy","0","0","0","0","-1"
1780423458,"13","2","1","boss","util_energ","Unknown","0","5","self","0","0","0","-1","-1"
1780423463,"13","2","1","boss","wlk_drain_life","Warlock","1","6","enemy","0","0","0","0","-1"
1780423465,"13","2","1","boss","util_energ","Unknown","0","6","self","0","0","0","-1","-1"
1780423467,"13","2","1","boss","wlk_shadow_bolt","Warlock","1","6","enemy","0","0","0","0","-1"
1780423468,"13","2","1","boss","wlk_life_tap","Warlock","0","6","self","0","0","0","-1","-1"
1780423470,"13","2","1","boss","wlk_shadow_bolt","Warlock","1","6","enemy","0","0","0","0","-1"
1780423482,"13","2","1","boss","wlk_shadow_bolt","Warlock","1","7","enemy","0","0","0","0","-1"
1780423484,"13","2","1","boss","wlk_drain_life","Warlock","1","7","enemy","0","0","0","0","-1"
1780423486,"13","2","1","boss","wlk_life_tap","Warlock","0","7","self","0","0","0","-1","-1"
1780423488,"13","2","1","boss","wlk_shadow_bolt","Warlock","1","7","enemy","0","0","0","0","-1"
1780423490,"13","2","1","boss","wlk_corruption","Warlock","1","7","enemy","0","0","0","0","-1"
1780423492,"13","2","1","boss","util_energ","Unknown","0","7","self","0","0","0","-1","-1"
1780423502,"13","2","1","boss","wlk_drain_life","Warlock","1","8","enemy","0","0","0","0","-1"
1780423544,"13","2","2","normal","wlk_drain_life","Warlock","1","1","enemy","0","0","0","0","-1"
1780423545,"13","2","2","normal","wlk_life_tap","Warlock","0","1","self","0","0","0","-1","-1"
1780423554,"13","2","2","normal","wlk_corruption","Warlock","1","1","enemy","0","0","0","1","-1"
1780423561,"13","2","2","normal","wlk_shadow_bolt","Warlock","1","1","enemy","0","0","0","0","-1"
1780423564,"13","2","2","normal","wlk_dark_harvest","Warlock","2","1","self","0","0","0","-1","-1"
1780423567,"13","2","2","normal","util_energ","Unknown","0","1","self","0","0","0","-1","-1"
1780423575,"13","2","2","normal","wlk_corruption","Warlock","1","2","enemy","0","0","0","0","-1"
1780423576,"13","2","2","normal","wlk_dark_harvest","Warlock","2","2","self","0","0","0","-1","-1"
1780423580,"13","2","2","normal","util_energ","Unknown","0","2","self","0","0","0","-1","-1"
1780423582,"13","2","2","normal","wlk_drain_life","Warlock","1","2","enemy","0","0","0","1","-1"
1780423583,"13","2","2","normal","wlk_life_tap","Warlock","0","2","self","0","0","0","-1","-1"
1780423585,"13","2","2","normal","wlk_shadow_bolt","Warlock","1","2","enemy","0","0","0","1","-1"
1780423590,"13","2","2","normal","wlk_dark_harvest","Warlock","2","3","self","0","0","0","-1","-1"
1780423594,"13","2","2","normal","wlk_drain_life","Warlock","1","3","enemy","0","0","0","1","-1"
1780423595,"13","2","2","normal","util_energ","Unknown","0","3","self","0","0","0","-1","-1"
1780423597,"13","2","2","normal","wlk_shadow_bolt","Warlock","1","3","enemy","0","0","0","1","-1"
1780423598,"13","2","2","normal","wlk_life_tap","Warlock","0","3","self","0","0","0","-1","-1"
1780423600,"13","2","2","normal","wlk_corruption","Warlock","1","3","enemy","0","0","0","1","-1"
1780423604,"13","2","2","normal","wlk_dark_harvest","Warlock","2","4","self","0","0","0","-1","-1"
1780423607,"13","2","2","normal","util_energ","Unknown","0","4","self","0","0","0","-1","-1"
1780423609,"13","2","2","normal","wlk_drain_life","Warlock","1","4","enemy","0","0","0","1","-1"
1780423611,"13","2","2","normal","wlk_shadow_bolt","Warlock","1","4","enemy","0","0","0","1","-1"
1780423613,"13","2","2","normal","wlk_life_tap","Warlock","0","4","self","0","0","0","-1","-1"
1780423615,"13","2","2","normal","wlk_corruption","Warlock","1","4","enemy","0","0","0","0","-1"
1780423619,"13","2","2","normal","wlk_dark_harvest","Warlock","2","5","self","0","0","0","-1","-1"
1780423621,"13","2","2","normal","util_energ","Unknown","0","5","self","0","0","0","-1","-1"
1780423624,"13","2","2","normal","wlk_shadow_bolt","Warlock","1","5","enemy","0","0","0","1","-1"
1780423625,"13","2","2","normal","wlk_life_tap","Warlock","0","5","self","0","0","0","-1","-1"
1780423628,"13","2","2","normal","wlk_drain_life","Warlock","1","5","enemy","0","0","0","1","-1"
1780423638,"13","2","2","normal","wlk_dark_harvest","Warlock","2","6","self","0","0","0","-1","-1"
1780423642,"13","2","2","normal","wlk_shadow_bolt","Warlock","1","6","enemy","0","0","0","0","-1"
1780423643,"13","2","2","normal","wlk_life_tap","Warlock","0","6","self","0","0","0","-1","-1"
1780423646,"13","2","2","normal","wlk_drain_life","Warlock","1","6","enemy","0","0","0","0","-1"
1780423670,"13","2","2","normal","wlk_corruption","Warlock","1","1","enemy","0","0","0","1","-1"
1780423676,"13","2","2","normal","wlk_life_tap","Warlock","0","1","self","0","0","0","-1","-1"
1780423681,"13","2","2","normal","wlk_drain_life","Warlock","1","1","enemy","0","0","0","0","-1"
1780423682,"13","2","2","normal","wlk_dark_harvest","Warlock","2","1","self","0","0","0","-1","-1"
1780423688,"13","2","2","normal","util_energ","Unknown","0","1","self","0","0","0","-1","-1"
1780423690,"13","2","2","normal","util_field_kit","Unknown","1","1","all_allies","0","1","1","-1","-1"
1780423696,"13","2","2","normal","wlk_corruption","Warlock","1","2","enemy","0","0","0","0","-1"
1780423697,"13","2","2","normal","wlk_dark_harvest","Warlock","2","2","self","0","0","0","-1","-1"
1780423699,"13","2","2","normal","wlk_drain_life","Warlock","1","2","enemy","0","0","0","1","-1"
1780423701,"13","2","2","normal","wlk_shadow_bolt","Warlock","1","2","enemy","0","0","0","1","-1"
1780423702,"13","2","2","normal","wlk_life_tap","Warlock","0","2","self","0","0","0","-1","-1"
1780423703,"13","2","2","normal","util_energ","Unknown","0","2","self","0","0","0","-1","-1"
1780423708,"13","2","2","normal","wlk_dark_harvest","Warlock","2","3","self","0","0","0","-1","-1"
1780423710,"13","2","2","normal","wlk_drain_life","Warlock","1","3","enemy","0","0","0","1","-1"
1780423712,"13","2","2","normal","wlk_shadow_bolt","Warlock","1","3","enemy","0","0","0","1","-1"
1780423716,"13","2","2","normal","wlk_life_tap","Warlock","0","3","self","0","0","0","-1","-1"
1780423718,"13","2","2","normal","util_energ","Unknown","0","3","self","0","0","0","-1","-1"
1780423720,"13","2","2","normal","wlk_corruption","Warlock","1","3","enemy","0","0","0","1","-1"
1780423724,"13","2","2","normal","wlk_dark_harvest","Warlock","2","4","self","0","0","0","-1","-1"
1780423727,"13","2","2","normal","wlk_corruption","Warlock","1","4","enemy","0","0","0","0","-1"
1780423728,"13","2","2","normal","wlk_life_tap","Warlock","0","4","self","0","0","0","-1","-1"
1780423730,"13","2","2","normal","wlk_shadow_bolt","Warlock","1","4","enemy","0","0","0","0","-1"
1780423732,"13","2","2","normal","wlk_drain_life","Warlock","1","4","enemy","0","0","0","0","-1"
1780423732,"13","2","2","normal","util_energ","Unknown","0","4","self","0","0","0","-1","-1"
1780423737,"13","2","2","normal","wlk_dark_harvest","Warlock","2","5","self","0","0","0","-1","-1"
1780423739,"13","2","2","normal","wlk_corruption","Warlock","1","5","enemy","0","0","0","0","-1"
1780423741,"13","2","2","normal","wlk_shadow_bolt","Warlock","1","5","enemy","0","0","0","0","-1"
1780423741,"13","2","2","normal","wlk_life_tap","Warlock","0","5","self","0","0","0","-1","-1"
1780423743,"13","2","2","normal","wlk_drain_life","Warlock","1","5","enemy","0","0","0","0","-1"
1780423744,"13","2","2","normal","util_energ","Unknown","0","5","self","0","0","0","-1","-1"
1780423748,"13","2","2","normal","wlk_dark_harvest","Warlock","2","6","self","0","0","0","-1","-1"
1780423750,"13","2","2","normal","wlk_drain_life","Warlock","1","6","enemy","0","0","0","0","-1"
1780423750,"13","2","2","normal","wlk_life_tap","Warlock","0","6","self","0","0","0","-1","-1"
1780423752,"13","2","2","normal","util_energ","Unknown","0","6","self","0","0","0","-1","-1"
1780423755,"13","2","2","normal","wlk_shadow_bolt","Warlock","1","6","enemy","0","0","0","0","-1"
1780423758,"13","2","2","normal","wlk_corruption","Warlock","1","6","enemy","0","0","0","0","-1"
1780423762,"13","2","2","normal","wlk_dark_harvest","Warlock","2","7","self","0","0","0","-1","-1"
1780423765,"13","2","2","normal","wlk_drain_life","Warlock","1","7","enemy","0","0","0","0","-1"
1780423845,"13","2","2","elite","wlk_corruption","Warlock","1","1","enemy","0","0","0","0","-1"
1780423847,"13","2","2","elite","wlk_drain_life","Warlock","1","1","enemy","2","0","0","0","-1"
1780423851,"13","2","2","elite","curse_doubt","Unknown","1","1","self","0","0","0","-1","-1"
1780423853,"13","2","2","elite","util_energ","Unknown","0","1","self","0","0","0","-1","-1"
1780423854,"13","2","2","elite","wlk_dark_harvest","Warlock","2","1","self","0","0","0","-1","-1"
1780423861,"13","2","2","elite","wlk_life_tap","Warlock","0","2","self","0","0","0","-1","-1"
1780423863,"13","2","2","elite","wlk_corruption","Warlock","1","2","enemy","0","0","0","1","-1"
1780423867,"13","2","2","elite","wlk_shadow_bolt","Warlock","1","2","enemy","0","0","0","1","-1"
1780423870,"13","2","2","elite","util_energ","Unknown","0","2","self","0","0","0","-1","-1"
1780423871,"13","2","2","elite","curse_doubt","Unknown","1","2","self","0","0","0","-1","-1"
1780423873,"13","2","2","elite","util_rejuv","Unknown","1","2","all_allies","0","0","0","-1","-1"
1780423878,"13","2","2","elite","wlk_dark_harvest","Warlock","2","3","self","0","0","0","-1","-1"
1780423880,"13","2","2","elite","wlk_drain_life","Warlock","1","3","enemy","2","0","0","0","-1"
1780423881,"13","2","2","elite","wlk_life_tap","Warlock","0","3","self","0","0","0","-1","-1"
1780423884,"13","2","2","elite","wlk_shadow_bolt","Warlock","1","3","enemy","0","0","0","1","-1"
1780423885,"13","2","2","elite","util_rejuv","Unknown","1","3","all_allies","0","0","0","-1","-1"
1780423885,"13","2","2","elite","util_energ","Unknown","0","3","self","0","0","0","-1","-1"
1780423894,"13","2","2","elite","wlk_corruption","Warlock","1","4","enemy","0","0","0","0","-1"
1780423895,"13","2","2","elite","wlk_dark_harvest","Warlock","2","4","self","0","0","0","-1","-1"
1780423897,"13","2","2","elite","wlk_life_tap","Warlock","0","4","self","0","0","0","-1","-1"
1780423899,"13","2","2","elite","wlk_drain_life","Warlock","1","4","enemy","2","0","0","1","-1"
1780423902,"13","2","2","elite","curse_doubt","Unknown","1","4","self","0","0","0","-1","-1"
1780423908,"13","2","2","elite","wlk_corruption","Warlock","1","5","enemy","0","0","0","1","-1"
1780423909,"13","2","2","elite","wlk_dark_harvest","Warlock","2","5","self","0","0","0","-1","-1"
1780423912,"13","2","2","elite","wlk_shadow_bolt","Warlock","1","5","enemy","0","0","0","0","-1"
1780423913,"13","2","2","elite","util_energ","Unknown","0","5","self","0","0","0","-1","-1"
1780423914,"13","2","2","elite","util_rejuv","Unknown","1","5","all_allies","0","0","0","-1","-1"
1780423919,"13","2","2","elite","wlk_drain_life","Warlock","1","6","enemy","2","0","0","0","-1"
1780423920,"13","2","2","elite","wlk_life_tap","Warlock","0","6","self","0","0","0","-1","-1"
1780423922,"13","2","2","elite","wlk_shadow_bolt","Warlock","1","6","enemy","0","0","0","0","-1"
1780423924,"13","2","2","elite","util_energ","Unknown","0","6","self","0","0","0","-1","-1"
1780423925,"13","2","2","elite","curse_doubt","Unknown","1","6","self","0","0","0","-1","-1"
1780423931,"13","2","2","elite","wlk_corruption","Warlock","1","7","enemy","0","0","0","0","-1"
1780423933,"13","2","2","elite","wlk_shadow_bolt","Warlock","1","7","enemy","0","0","0","0","-1"
1780423935,"13","2","2","elite","curse_doubt","Unknown","1","7","self","0","0","0","-1","-1"
1780423936,"13","2","2","elite","util_energ","Unknown","0","7","self","0","0","0","-1","-1"
1780423937,"13","2","2","elite","wlk_dark_harvest","Warlock","2","7","self","0","0","0","-1","-1"
1780423941,"13","2","2","elite","wlk_drain_life","Warlock","1","8","enemy","2","0","0","0","-1"
1780423942,"13","2","2","elite","util_rejuv","Unknown","1","8","all_allies","0","0","0","-1","-1"
1780423944,"13","2","2","elite","wlk_life_tap","Warlock","0","8","self","0","0","0","-1","-1"
1780423947,"13","2","2","elite","wlk_shadow_bolt","Warlock","1","8","enemy","0","0","0","0","-1"
1780423953,"13","2","2","elite","wlk_shadow_bolt","Warlock","1","9","enemy","0","0","0","0","-1"
1780423955,"13","2","2","elite","wlk_dark_harvest","Warlock","2","9","self","0","0","0","-1","-1"
1780423956,"13","2","2","elite","util_energ","Unknown","0","9","self","0","0","0","-1","-1"
1780423957,"13","2","2","elite","util_rejuv","Unknown","1","9","all_allies","0","0","0","-1","-1"
1780423961,"13","2","2","elite","wlk_drain_life","Warlock","1","10","enemy","2","0","0","0","-1"
1780424008,"13","2","2","boss","mag_meteor","Mage","4","1","all_enemies","2","0","0","-1","-1"
1780424010,"13","2","2","boss","rng_multishot","Ranger","1","1","all_enemies","0","0","0","-1","-1"
1780424013,"13","2","2","boss","rng_trap","Ranger","1","1","enemy","0","0","0","0","-1"
1780424015,"13","2","2","boss","mag_scorch","Mage","0","1","enemy","0","0","0","0","-1"
1780424023,"13","2","2","boss","wlk_drain_life","Warlock","1","2","enemy","2","0","0","0","-1"
1780424027,"13","2","2","boss","wlk_life_tap","Warlock","0","2","self","0","0","0","-1","-1"
1780424030,"13","2","2","boss","rng_aim","Ranger","2","2","enemy","0","0","0","0","-1"
1780424032,"13","2","2","boss","wlk_corruption","Warlock","1","2","enemy","0","0","0","0","-1"
1780424038,"13","2","2","boss","wlk_life_tap","Warlock","0","3","self","0","0","0","-1","-1"
1780424041,"13","2","2","boss","mag_meteor","Mage","4","3","all_enemies","2","0","0","-1","-1"
1780424130,"13","2","3","normal","wlk_hellfire","Warlock","2","1","all_enemies","0","0","0","-1","-1"
1780424132,"13","2","3","normal","wlk_corruption","Warlock","1","1","enemy","0","0","0","0","-1"
1780424135,"13","2","3","normal","mag_fireball","Mage","2","1","enemy","0","0","0","0","-1"
1780424136,"13","2","3","normal","util_energ","Unknown","0","1","self","0","0","0","-1","-1"
1780424138,"13","2","3","normal","rng_aim","Ranger","2","1","enemy","0","0","0","0","-1"
1780424145,"13","2","3","normal","rng_trap","Ranger","1","2","enemy","0","0","0","1","-1"
1780424153,"13","2","3","normal","wlk_shadow_bolt","Warlock","1","2","enemy","0","0","0","1","-1"
1780424157,"13","2","3","normal","mag_frostbolt","Mage","1","2","enemy","1","0","0","1","-1"
1780424158,"13","2","3","normal","wlk_dark_harvest","Warlock","2","2","self","1","0","0","-1","-1"
1780424159,"13","2","3","normal","rng_multishot","Ranger","1","2","all_enemies","0","0","0","-1","-1"
1780424165,"13","2","3","normal","wlk_drain_life","Warlock","1","3","enemy","2","0","0","1","-1"
1780424168,"13","2","3","normal","wlk_corruption","Warlock","1","3","enemy","0","0","0","1","-1"
1780424169,"13","2","3","normal","wlk_hellfire","Warlock","2","3","all_enemies","0","0","0","-1","-1"
1780424172,"13","2","3","normal","util_rejuv","Unknown","1","3","all_allies","0","0","0","-1","-1"
1780424175,"13","2","3","normal","rng_aim","Ranger","2","3","enemy","0","0","0","0","-1"
1780424181,"13","2","3","normal","wlk_life_tap","Warlock","0","4","self","0","0","0","-1","-1"
1780424188,"13","2","3","normal","mag_scorch","Mage","0","4","enemy","0","0","0","1","-1"
1780424191,"13","2","3","normal","mag_frostbolt","Mage","1","4","enemy","1","0","0","1","-1"
1780424193,"13","2","3","normal","mag_fireball","Mage","2","4","enemy","0","0","0","1","-1"
1780424194,"13","2","3","normal","util_energ","Unknown","0","4","self","0","0","0","-1","-1"
1780424195,"13","2","3","normal","rng_multishot","Ranger","1","4","all_enemies","0","0","0","-1","-1"
1780424232,"13","2","3","normal","rng_heal","Ranger","1","1","enemy","0","0","0","0","-1"
1780424234,"13","2","3","normal","wlk_corruption","Warlock","1","1","enemy","0","0","0","1","-1"
1780424235,"13","2","3","normal","rng_multishot","Ranger","1","1","all_enemies","0","0","0","-1","-1"
1780424236,"13","2","3","normal","rng_multishot","Ranger","1","1","all_enemies","0","0","0","-1","-1"
1780424238,"13","2","3","normal","wlk_dark_harvest","Warlock","2","1","self","1","0","0","-1","-1"
1780424246,"13","2","3","normal","wlk_life_tap","Warlock","0","2","self","0","0","0","-1","-1"
1780424248,"13","2","3","normal","mag_meteor","Mage","4","2","all_enemies","2","0","0","-1","-1"
1780424266,"13","2","3","normal","wlk_shadow_bolt","Warlock","1","1","enemy","0","0","0","0","-1"
1780424269,"13","2","3","normal","mag_scorch","Mage","0","1","enemy","0","0","0","1","-1"
1780424271,"13","2","3","normal","wlk_corruption","Warlock","1","1","enemy","0","0","0","1","-1"
1780424272,"13","2","3","normal","util_rejuv","Unknown","1","1","all_allies","0","0","0","-1","-1"
1780424275,"13","2","3","normal","util_energ","Unknown","0","1","self","0","0","0","-1","-1"
1780424287,"13","2","3","normal","wlk_life_tap","Warlock","0","2","self","0","0","0","-1","-1"
1780424290,"13","2","3","normal","wlk_drain_life","Warlock","1","2","enemy","2","0","0","0","-1"
1780424291,"13","2","3","normal","wlk_hellfire","Warlock","2","2","all_enemies","0","0","0","-1","-1"
1780424292,"13","2","3","normal","wlk_dark_harvest","Warlock","2","2","self","1","0","0","-1","-1"
1780424294,"13","2","3","normal","rng_trap","Ranger","1","2","enemy","0","0","0","0","-1"
1780424296,"13","2","3","normal","rng_aim","Ranger","2","2","enemy","0","0","0","0","-1"
1780424301,"13","2","3","normal","wlk_life_tap","Warlock","0","3","self","0","0","0","-1","-1"
1780424303,"13","2","3","normal","wlk_dark_harvest","Warlock","2","3","self","1","0","0","-1","-1"
1780424306,"13","2","3","normal","mag_meteor","Mage","4","3","all_enemies","2","0","0","-1","-1"
1780424316,"13","2","3","normal","util_rejuv","Unknown","1","1","all_allies","0","0","0","-1","-1"
1780424322,"13","2","3","normal","wlk_shadow_bolt","Warlock","1","1","enemy","0","0","0","0","-1"
1780424324,"13","2","3","normal","rng_multishot","Ranger","1","1","all_enemies","0","0","0","-1","-1"
1780424326,"13","2","3","normal","rng_aim","Ranger","2","1","enemy","0","0","0","1","-1"
1780424327,"13","2","3","normal","wlk_hellfire","Warlock","2","1","all_enemies","0","0","0","-1","-1"
1780424337,"13","2","3","normal","wlk_drain_life","Warlock","1","2","enemy","0","0","0","1","-1"
1780424338,"13","2","3","normal","util_field_kit","Unknown","1","2","all_allies","0","1","1","-1","-1"
1780424339,"13","2","3","normal","mag_meteor","Mage","4","2","all_enemies","2","0","0","-1","-1"
1780424342,"13","2","3","normal","wlk_corruption","Warlock","1","2","enemy","0","0","0","0","-1"
1780424344,"13","2","3","normal","rng_heal","Ranger","1","2","enemy","0","0","0","0","-1"
1780424348,"13","2","3","normal","wlk_life_tap","Warlock","0","3","self","0","0","0","-1","-1"
1780424350,"13","2","3","normal","mag_scorch","Mage","0","3","enemy","0","0","0","0","-1"
1780424352,"13","2","3","normal","rng_multishot","Ranger","1","3","all_enemies","0","0","0","-1","-1"
1780424354,"13","2","3","normal","wlk_drain_life","Warlock","1","3","enemy","2","0","0","0","-1"
1780424358,"13","2","3","normal","rng_trap","Ranger","1","3","enemy","0","0","0","0","-1"
1780424359,"13","2","3","normal","wlk_dark_harvest","Warlock","2","3","self","1","0","0","-1","-1"
1780424364,"13","2","3","normal","wlk_hellfire","Warlock","2","4","all_enemies","0","0","0","-1","-1"
1780424383,"13","2","3","normal","rng_heal","Ranger","1","1","enemy","0","0","0","0","-1"
1780424385,"13","2","3","normal","mag_fireball","Mage","2","1","enemy","0","0","0","0","-1"
1780424387,"13","2","3","normal","mag_scorch","Mage","0","1","enemy","0","0","0","0","-1"
1780424388,"13","2","3","normal","wlk_dark_harvest","Warlock","2","1","self","1","0","0","-1","-1"
1780424389,"13","2","3","normal","util_rejuv","Unknown","1","1","all_allies","0","0","0","-1","-1"
1780424395,"13","2","3","normal","wlk_drain_life","Warlock","1","2","enemy","2","0","0","1","-1"
1780424397,"13","2","3","normal","wlk_drain_life","Warlock","1","2","enemy","0","0","0","1","-1"
1780424400,"13","2","3","normal","rng_aim","Ranger","2","2","enemy","0","0","0","1","-1"
1780424404,"13","2","3","normal","wlk_shadow_bolt","Warlock","1","2","enemy","0","0","0","1","-1"
1780424405,"13","2","3","normal","util_energ","Unknown","0","2","self","0","0","0","-1","-1"
1780424415,"13","2","3","normal","util_aegis_charm","Unknown","1","3","all_allies","0","1","1","-1","-1"
1780424416,"13","2","3","normal","rng_multishot","Ranger","1","3","all_enemies","0","0","0","-1","-1"
1780424417,"13","2","3","normal","rng_multishot","Ranger","1","3","all_enemies","0","0","0","-1","-1"
1780424420,"13","2","3","normal","rng_trap","Ranger","1","3","enemy","0","0","0","0","-1"
1780424422,"13","2","3","normal","mag_frostbolt","Mage","1","3","enemy","1","0","0","1","-1"
1780424430,"13","2","3","normal","wlk_drain_life","Warlock","1","4","enemy","0","0","0","0","-1"
1780424432,"13","2","3","normal","mag_fireball","Mage","2","4","enemy","0","0","0","0","-1"
1780424433,"13","2","3","normal","mag_scorch","Mage","0","4","enemy","0","0","0","0","-1"
1780424435,"13","2","3","normal","wlk_corruption","Warlock","1","4","enemy","0","0","0","0","-1"
1780424436,"13","2","3","normal","wlk_dark_harvest","Warlock","2","4","self","1","0","0","-1","-1"
1780424441,"13","2","3","normal","rng_heal","Ranger","1","5","enemy","0","0","0","0","-1"
1780424442,"13","2","3","normal","util_rejuv","Unknown","1","5","all_allies","0","0","0","-1","-1"
1780424444,"13","2","3","normal","rng_aim","Ranger","2","5","enemy","0","0","0","0","-1"
1780424445,"13","2","3","normal","util_energ","Unknown","0","5","self","0","0","0","-1","-1"
1780424446,"13","2","3","normal","mag_meteor","Mage","4","5","all_enemies","2","0","0","-1","-1"
1780424461,"13","2","3","normal","rng_heal","Ranger","1","1","enemy","0","0","0","0","-1"
1780424462,"13","2","3","normal","rng_multishot","Ranger","1","1","all_enemies","0","0","0","-1","-1"
1780424465,"13","2","3","normal","mag_frostbolt","Mage","1","1","enemy","1","0","0","0","-1"
1780424467,"13","2","3","normal","wlk_hellfire","Warlock","2","1","all_enemies","0","0","0","-1","-1"
1780424468,"13","2","3","normal","util_energ","Unknown","0","1","self","0","0","0","-1","-1"
1780424476,"13","2","3","normal","wlk_drain_life","Warlock","1","2","enemy","0","0","0","1","-1"
1780424480,"13","2","3","normal","wlk_life_tap","Warlock","0","2","self","0","0","0","-1","-1"
1780424482,"13","2","3","normal","mag_meteor","Mage","4","2","all_enemies","2","0","0","-1","-1"
1780424493,"13","2","3","boss","util_aegis_charm","Unknown","1","1","all_allies","0","1","1","-1","-1"
1780424497,"13","2","3","boss","rng_heal","Ranger","1","1","enemy","0","0","0","1","-1"
1780424500,"13","2","3","boss","util_rejuv","Unknown","1","1","all_allies","0","0","0","-1","-1"
1780424501,"13","2","3","boss","rng_multishot","Ranger","1","1","all_enemies","0","0","0","-1","-1"
1780424502,"13","2","3","boss","wlk_hellfire","Warlock","2","1","all_enemies","0","0","0","-1","-1"
1780424509,"13","2","3","boss","wlk_drain_life","Warlock","1","2","enemy","2","0","0","1","-1"
1780424511,"13","2","3","boss","wlk_corruption","Warlock","1","2","enemy","0","0","0","1","-1"
1780424512,"13","2","3","boss","wlk_life_tap","Warlock","0","2","self","0","0","0","-1","-1"
1780424520,"13","2","3","boss","wlk_dark_harvest","Warlock","2","2","self","1","0","0","-1","-1"
1780424521,"13","2","3","boss","rng_multishot","Ranger","1","2","all_enemies","0","0","0","-1","-1"
1780424522,"13","2","3","boss","mag_meteor","Mage","4","2","all_enemies","2","0","0","-1","-1"
1780424528,"13","2","3","boss","rng_trap","Ranger","1","3","enemy","0","0","0","0","-1"
1780424532,"13","2","3","boss","mag_scorch","Mage","0","3","enemy","0","0","0","0","-1"
1780424534,"13","2","3","boss","rng_aim","Ranger","2","3","enemy","0","0","0","0","-1"
1780424536,"13","2","3","boss","mag_frostbolt","Mage","1","3","enemy","1","0","0","0","-1"
1780424537,"13","2","3","boss","util_energ","Unknown","0","3","self","0","0","0","-1","-1"
1780424544,"13","2","3","boss","util_rejuv","Unknown","1","4","all_allies","0","0","0","-1","-1"
1780424554,"13","2","3","boss","mag_fireball","Mage","2","4","enemy","0","0","0","0","-1"
1780424555,"13","2","3","boss","mag_meteor","Mage","4","4","all_enemies","2","0","0","-1","-1"
1780424556,"13","2","3","boss","rng_multishot","Ranger","1","4","all_enemies","0","0","0","-1","-1"
1780424562,"13","2","3","boss","wlk_drain_life","Warlock","1","5","enemy","2","0","0","0","-1"
1780424564,"13","2","3","boss","wlk_drain_life","Warlock","1","5","enemy","0","0","0","0","-1"
1780424566,"13","2","3","boss","wlk_hellfire","Warlock","2","5","all_enemies","0","0","0","-1","-1"
1780424568,"13","2","3","boss","rng_multishot","Ranger","1","5","all_enemies","0","0","0","-1","-1"
1780424569,"13","2","3","boss","wlk_drain_life","Warlock","1","5","enemy","0","0","0","0","-1"
1780424575,"13","2","3","boss","wlk_corruption","Warlock","1","6","enemy","0","0","0","0","-1"
1780424576,"13","2","3","boss","wlk_life_tap","Warlock","0","6","self","0","0","0","-1","-1"
1780424579,"13","2","3","boss","rng_trap","Ranger","1","6","enemy","0","0","0","0","-1"
1780424581,"13","2","3","boss","rng_heal","Ranger","1","6","enemy","0","0","0","0","-1"
1780424583,"13","2","3","boss","wlk_shadow_bolt","Warlock","1","6","enemy","0","0","0","0","-1"
1780424584,"13","2","3","boss","rng_multishot","Ranger","1","6","all_enemies","0","0","0","-1","-1"
1780424590,"13","2","3","boss","wlk_drain_life","Warlock","1","7","enemy","0","0","0","0","-1"
1780424592,"13","2","3","boss","wlk_drain_life","Warlock","1","7","enemy","2","0","0","0","-1"
1780424593,"13","2","3","boss","wlk_dark_harvest","Warlock","2","7","self","1","0","0","-1","-1"
1780424595,"13","2","3","boss","rng_aim","Ranger","2","7","enemy","0","0","0","0","-1"
1780424596,"13","2","3","boss","util_rejuv","Unknown","1","7","all_allies","0","0","0","-1","-1"
1780424599,"13","2","3","boss","wlk_hellfire","Warlock","2","8","all_enemies","0","0","0","-1","-1"
1780424603,"13","2","3","boss","wlk_drain_life","Warlock","1","8","enemy","0","0","0","0","-1"
1780424658,"13","2","4","normal","rng_trap","Ranger","1","1","enemy","0","0","0","0","-1"
1780424659,"13","2","4","normal","rng_multishot","Ranger","1","1","all_enemies","0","0","0","-1","-1"
1780424660,"13","2","4","normal","rng_multishot","Ranger","1","1","all_enemies","0","0","0","-1","-1"
1780424662,"13","2","4","normal","wlk_drain_life","Warlock","1","1","enemy","2","0","0","0","-1"
1780424664,"13","2","4","normal","util_energ","Unknown","0","1","self","0","0","0","-1","-1"
1780424669,"13","2","4","normal","wlk_life_tap","Warlock","0","2","self","0","0","0","-1","-1"
1780424676,"13","2","4","normal","wlk_drain_life","Warlock","1","2","enemy","0","0","0","0","-1"
1780424678,"13","2","4","normal","rng_snipe","Ranger","3","2","enemy","1","0","0","0","-1"
1780424680,"13","2","4","normal","rng_aim","Ranger","2","2","enemy","0","0","0","0","-1"
1780424681,"13","2","4","normal","wlk_shadow_bolt","Warlock","1","2","enemy","0","0","0","1","-1"
1780424682,"13","2","4","normal","wlk_dark_harvest","Warlock","2","2","self","1","0","0","-1","-1"
1780424687,"13","2","4","normal","wlk_drain_life","Warlock","1","3","enemy","0","0","0","1","-1"
1780424688,"13","2","4","normal","rng_multishot","Ranger","1","3","all_enemies","0","0","0","-1","-1"
1780424691,"13","2","4","normal","wlk_corruption","Warlock","1","3","enemy","0","0","0","0","-1"
1780424694,"13","2","4","normal","rng_aim","Ranger","2","3","enemy","0","0","0","1","-1"
1780424696,"13","2","4","normal","wlk_drain_life","Warlock","1","3","enemy","0","0","0","1","-1"
1780424740,"13","2","4","normal","wlk_shadow_bolt","Warlock","1","4","enemy","0","0","0","1","-1"
1780424742,"13","2","4","normal","wlk_dark_harvest","Warlock","2","4","self","1","0","0","-1","-1"
1780424744,"13","2","4","normal","wlk_hellfire","Warlock","2","4","all_enemies","0","0","0","-1","-1"
1780424745,"13","2","4","normal","rng_multishot","Ranger","1","4","all_enemies","0","0","0","-1","-1"
1780424746,"13","2","4","normal","util_energ","Unknown","0","4","self","0","0","0","-1","-1"
1780424752,"13","2","4","normal","rng_heal","Ranger","1","5","enemy","0","0","0","1","-1"
1780424755,"13","2","4","normal","wlk_life_tap","Warlock","0","5","self","0","0","0","-1","-1"
1780424759,"13","2","4","normal","wlk_drain_life","Warlock","1","5","enemy","2","0","0","1","-1"
1780424761,"13","2","4","normal","rng_snipe","Ranger","3","5","enemy","1","0","0","0","-1"
1780424762,"13","2","4","normal","rng_trap","Ranger","1","5","enemy","0","0","0","0","-1"
1780424763,"13","2","4","normal","util_rejuv","Unknown","1","5","all_allies","0","0","0","-1","-1"
1780424768,"13","2","4","normal","wlk_drain_life","Warlock","1","6","enemy","2","0","0","0","-1"
1780424770,"13","2","4","normal","wlk_drain_life","Warlock","1","6","enemy","0","0","0","0","-1"
1780424772,"13","2","4","normal","rng_aim","Ranger","2","6","enemy","0","0","0","0","-1"
1780424773,"13","2","4","normal","rng_multishot","Ranger","1","6","all_enemies","0","0","0","-1","-1"
1780424790,"13","2","4","normal","wlk_life_tap","Warlock","0","1","self","0","0","0","-1","-1"
1780424794,"13","2","4","normal","wlk_drain_life","Warlock","1","1","enemy","2","0","0","0","-1"
1780424796,"13","2","4","normal","rng_aim","Ranger","2","1","enemy","0","0","0","1","-1"
1780424797,"13","2","4","normal","wlk_hellfire","Warlock","2","1","all_enemies","0","0","0","-1","-1"
1780424799,"13","2","4","normal","util_rejuv","Unknown","1","1","all_allies","0","0","0","-1","-1"
1780424799,"13","2","4","normal","util_energ","Unknown","0","1","self","0","0","0","-1","-1"
1780424804,"13","2","4","normal","rng_snipe","Ranger","3","2","enemy","1","0","0","1","-1"
1780424806,"13","2","4","normal","rng_trap","Ranger","1","2","enemy","0","0","0","1","-1"
1780424807,"13","2","4","normal","rng_multishot","Ranger","1","2","all_enemies","0","0","0","-1","-1"
1780424808,"13","2","4","normal","wlk_drain_life","Warlock","1","2","enemy","0","0","0","1","-1"
1780424809,"13","2","4","normal","rng_multishot","Ranger","1","2","all_enemies","0","0","0","-1","-1"
1780424814,"13","2","4","normal","rng_multishot","Ranger","1","3","all_enemies","0","0","0","-1","-1"
1780424815,"13","2","4","normal","rng_aim","Ranger","2","3","enemy","0","0","0","1","-1"
1780424817,"13","2","4","normal","rng_trap","Ranger","1","3","enemy","0","0","0","0","-1"
1780424818,"13","2","4","normal","wlk_hellfire","Warlock","2","3","all_enemies","0","0","0","-1","-1"
1780424820,"13","2","4","normal","rng_heal","Ranger","1","3","enemy","0","0","0","1","-1"
1780424824,"13","2","4","normal","wlk_drain_life","Warlock","1","4","enemy","0","0","0","0","-1"
1780424826,"13","2","4","normal","wlk_corruption","Warlock","1","4","enemy","0","0","0","0","-1"
1780424828,"13","2","4","normal","rng_snipe","Ranger","3","4","enemy","1","0","0","0","-1"
1780424829,"13","2","4","normal","wlk_shadow_bolt","Warlock","1","4","enemy","0","0","0","0","-1"
1780424830,"13","2","4","normal","util_rejuv","Unknown","1","4","all_allies","0","0","0","-1","-1"
1780424833,"13","2","4","normal","wlk_dark_harvest","Warlock","2","5","self","1","0","0","-1","-1"
1780424836,"13","2","4","normal","wlk_drain_life","Warlock","1","5","enemy","0","0","0","0","-1"
1780424837,"13","2","4","normal","wlk_drain_life","Warlock","1","5","enemy","2","0","0","0","-1"
1780424839,"13","2","4","normal","rng_multishot","Ranger","1","5","all_enemies","0","0","0","-1","-1"
1780424839,"13","2","4","normal","util_energ","Unknown","0","5","self","0","0","0","-1","-1"
1780424842,"13","2","4","normal","wlk_hellfire","Warlock","2","6","all_enemies","0","0","0","-1","-1"
1780424843,"13","2","4","normal","wlk_drain_life","Warlock","1","6","enemy","0","0","0","0","-1"
1780424844,"13","2","4","normal","wlk_life_tap","Warlock","0","6","self","0","0","0","-1","-1"
1780424847,"13","2","4","normal","wlk_drain_life","Warlock","1","6","enemy","0","0","0","0","-1"
1780424847,"13","2","4","normal","rng_multishot","Ranger","1","6","all_enemies","0","0","0","-1","-1"
1780424848,"13","2","4","normal","util_energ","Unknown","0","6","self","0","0","0","-1","-1"
1780424858,"13","2","4","normal","rng_heal","Ranger","1","7","enemy","0","0","0","0","-1"
1780424931,"13","2","4","normal","util_rejuv","Unknown","1","1","all_allies","1","0","0","-1","-1"
1780424932,"13","2","4","normal","wlk_dark_pact","Warlock","1","1","self","0","0","0","-1","-1"
1780424934,"13","2","4","normal","wlk_corruption","Warlock","1","1","enemy","0","0","0","0","-1"
1780424935,"13","2","4","normal","rng_multishot","Ranger","1","1","all_enemies","0","0","0","-1","-1"
1780424936,"13","2","4","normal","util_energ","Unknown","0","1","self","0","0","0","-1","-1"
1780424943,"13","2","4","normal","wlk_drain_life","Warlock","1","2","enemy","0","0","0","1","-1"
1780424944,"13","2","4","normal","wlk_drain_life","Warlock","1","2","enemy","2","0","0","1","-1"
1780424947,"13","2","4","normal","rng_snipe","Ranger","3","2","enemy","1","0","0","1","-1"
1780424948,"13","2","4","normal","rng_aim","Ranger","2","2","enemy","0","0","0","1","-1"
1780424949,"13","2","4","normal","wlk_dark_harvest","Warlock","2","2","self","1","0","0","-1","-1"
1780424954,"13","2","4","normal","rng_heal","Ranger","1","3","enemy","2","0","0","1","-1"
1780424957,"13","2","4","normal","wlk_dark_pact","Warlock","1","3","self","0","0","0","-1","-1"
1780424958,"13","2","4","normal","wlk_life_tap","Warlock","0","3","self","0","0","0","-1","-1"
1780424963,"13","2","4","normal","rng_trap","Ranger","1","3","enemy","0","0","0","0","-1"
1780424965,"13","2","4","normal","wlk_shadow_bolt","Warlock","1","3","enemy","2","0","0","0","-1"
1780424966,"13","2","4","normal","wlk_hellfire","Warlock","2","3","all_enemies","0","0","0","-1","-1"
1780424971,"13","2","4","normal","wlk_drain_life","Warlock","1","4","enemy","0","0","0","0","-1"
1780424973,"13","2","4","normal","wlk_drain_life","Warlock","1","4","enemy","0","0","0","0","-1"
1780424974,"13","2","4","normal","rng_multishot","Ranger","1","4","all_enemies","0","0","0","-1","-1"
1780424976,"13","2","4","normal","rng_snipe","Ranger","3","4","enemy","1","0","0","0","-1"
1780424977,"13","2","4","normal","wlk_dark_harvest","Warlock","2","4","self","1","0","0","-1","-1"
1780424981,"13","2","4","normal","util_rejuv","Unknown","1","5","all_allies","1","0","0","-1","-1"
1780424985,"13","2","4","normal","wlk_corruption","Warlock","1","5","enemy","0","0","0","0","-1"
1780424987,"13","2","4","normal","wlk_drain_life","Warlock","1","5","enemy","2","0","0","0","-1"
1780424989,"13","2","4","normal","rng_aim","Ranger","2","5","enemy","0","0","0","0","-1"
1780424990,"13","2","4","normal","util_energ","Unknown","0","5","self","0","0","0","-1","-1"
1780424995,"13","2","4","normal","rng_aim","Ranger","2","6","enemy","0","0","0","0","-1"
1780424996,"13","2","4","normal","wlk_drain_life","Warlock","1","6","enemy","0","0","0","0","-1"
1780424997,"13","2","4","normal","wlk_dark_harvest","Warlock","2","6","self","1","0","0","-1","-1"
1780424998,"13","2","4","normal","rng_multishot","Ranger","1","6","all_enemies","0","0","0","-1","-1"
1780425020,"13","2","4","elite","wlk_curse_frailty","Warlock","1","1","enemy","0","0","0","0","-1"
1780425022,"13","2","4","elite","rng_snipe","Ranger","3","1","enemy","1","0","0","1","-1"
1780425026,"13","2","4","elite","rng_aim","Ranger","2","1","enemy","0","0","0","0","-1"
1780425027,"13","2","4","elite","rng_multishot","Ranger","1","1","all_enemies","0","0","0","-1","-1"
1780425029,"13","2","4","elite","wlk_drain_life","Warlock","1","1","enemy","0","0","0","1","-1"
1780425033,"13","2","4","elite","wlk_corruption","Warlock","1","2","enemy","0","0","0","1","-1"
1780425040,"13","2","4","elite","rng_multishot","Ranger","1","2","all_enemies","0","0","0","-1","-1"
1780425041,"13","2","4","elite","wlk_life_tap","Warlock","0","2","self","0","0","0","-1","-1"
1780425042,"13","2","4","elite","wlk_dark_pact","Warlock","1","2","self","0","0","0","-1","-1"
1780425044,"13","2","4","elite","wlk_hellfire","Warlock","2","2","all_enemies","0","0","0","-1","-1"
1780425045,"13","2","4","elite","wlk_dark_harvest","Warlock","2","2","self","1","0","0","-1","-1"
1780425050,"13","2","4","elite","wlk_life_tap","Warlock","0","3","self","0","0","0","-1","-1"
1780425054,"13","2","4","elite","wlk_corruption","Warlock","1","3","enemy","0","0","0","0","-1"
1780425055,"13","2","4","elite","wlk_drain_life","Warlock","1","3","enemy","2","0","0","1","-1"
1780425057,"13","2","4","elite","wlk_drain_life","Warlock","1","3","enemy","0","0","0","1","-1"
1780425058,"13","2","4","elite","wlk_dark_harvest","Warlock","2","3","self","1","0","0","-1","-1"
1780425060,"13","2","4","elite","util_energ","Unknown","0","3","self","0","0","0","-1","-1"
1780425063,"13","2","4","elite","util_rejuv","Unknown","1","4","all_allies","1","0","0","-1","-1"
1780425065,"13","2","4","elite","rng_multishot","Ranger","1","4","all_enemies","0","0","0","-1","-1"
1780425066,"13","2","4","elite","rng_multishot","Ranger","1","4","all_enemies","0","0","0","-1","-1"
1780425067,"13","2","4","elite","wlk_hellfire","Warlock","2","4","all_enemies","0","0","0","-1","-1"
1780425069,"13","2","4","elite","wlk_drain_life","Warlock","1","4","enemy","0","0","0","1","-1"
1780425074,"13","2","4","elite","rng_heal","Ranger","1","5","enemy","2","0","0","1","-1"
1780425081,"13","2","4","elite","wlk_curse_frailty","Warlock","1","5","enemy","0","0","0","0","-1"
1780425082,"13","2","4","elite","wlk_dark_pact","Warlock","1","5","self","0","0","0","-1","-1"
1780425084,"13","2","4","elite","rng_snipe","Ranger","3","5","enemy","1","0","0","1","-1"
1780425086,"13","2","4","elite","wlk_shadow_bolt","Warlock","1","5","enemy","2","0","0","0","-1"
1780425090,"13","2","4","elite","rng_multishot","Ranger","1","6","all_enemies","0","0","0","-1","-1"
1780425092,"13","2","4","elite","wlk_corruption","Warlock","1","6","enemy","0","0","0","1","-1"
1780425094,"13","2","4","elite","rng_aim","Ranger","2","6","enemy","0","0","0","1","-1"
1780425096,"13","2","4","elite","rng_trap","Ranger","1","6","enemy","0","0","0","0","-1"
1780425097,"13","2","4","elite","wlk_life_tap","Warlock","0","6","self","0","0","0","-1","-1"
1780425098,"13","2","4","elite","wlk_dark_pact","Warlock","1","6","self","0","0","0","-1","-1"
1780425104,"13","2","4","elite","wlk_drain_life","Warlock","1","7","enemy","2","0","0","0","-1"
1780425106,"13","2","4","elite","wlk_drain_life","Warlock","1","7","enemy","0","0","0","0","-1"
1780425107,"13","2","4","elite","util_energ","Unknown","0","7","self","0","0","0","-1","-1"
1780425109,"13","2","4","elite","wlk_shadow_bolt","Warlock","1","7","enemy","2","0","0","0","-1"
1780425110,"13","2","4","elite","wlk_dark_harvest","Warlock","2","7","self","1","0","0","-1","-1"
1780425115,"13","2","4","elite","util_rejuv","Unknown","1","8","all_allies","1","0","0","-1","-1"
1780425117,"13","2","4","elite","wlk_drain_life","Warlock","1","8","enemy","0","0","0","0","-1"
1780425118,"13","2","4","elite","wlk_hellfire","Warlock","2","8","all_enemies","0","0","0","-1","-1"
1780425120,"13","2","4","elite","rng_snipe","Ranger","3","8","enemy","1","0","0","0","-1"
1780425121,"13","2","4","elite","rng_multishot","Ranger","1","8","all_enemies","0","0","0","-1","-1"
1780425125,"13","2","4","elite","rng_heal","Ranger","1","9","enemy","2","0","0","0","-1"
1780425127,"13","2","4","elite","rng_aim","Ranger","2","9","enemy","0","0","0","0","-1"
1780425129,"13","2","4","elite","rng_multishot","Ranger","1","9","all_enemies","0","0","0","-1","-1"
1780425129,"13","2","4","elite","util_energ","Unknown","0","9","self","0","0","0","-1","-1"
1780425131,"13","2","4","elite","wlk_curse_frailty","Warlock","1","9","enemy","0","0","0","0","-1"
1780425135,"13","2","4","elite","wlk_shadow_bolt","Warlock","1","10","enemy","2","0","0","0","-1"
1780425136,"13","2","4","elite","rng_multishot","Ranger","1","10","all_enemies","0","0","0","-1","-1"
1780425138,"13","2","4","elite","wlk_drain_life","Warlock","1","10","enemy","0","0","0","0","-1"
1780425140,"13","2","4","elite","wlk_drain_life","Warlock","1","10","enemy","0","0","0","0","-1"
1780425140,"13","2","4","elite","util_rejuv","Unknown","1","10","all_allies","1","0","0","-1","-1"
1780425145,"13","2","4","elite","rng_snipe","Ranger","3","11","enemy","1","0","0","0","-1"
1780425146,"13","2","4","elite","wlk_life_tap","Warlock","0","11","self","0","0","0","-1","-1"
1780425151,"13","2","4","elite","wlk_corruption","Warlock","1","11","enemy","0","0","0","0","-1"
1780425152,"13","2","4","elite","rng_trap","Ranger","1","11","enemy","0","0","0","0","-1"
1780425154,"13","2","4","elite","wlk_drain_life","Warlock","1","11","enemy","2","0","0","0","-1"
1780425155,"13","2","4","elite","wlk_hellfire","Warlock","2","11","all_enemies","0","0","0","-1","-1"
1780425159,"13","2","4","elite","wlk_dark_pact","Warlock","1","12","self","0","0","0","-1","-1"
1780425161,"13","2","4","elite","wlk_life_tap","Warlock","0","12","self","0","0","0","-1","-1"
1780425164,"13","2","4","elite","wlk_dark_harvest","Warlock","2","12","self","1","0","0","-1","-1"
1780425165,"13","2","4","elite","rng_multishot","Ranger","1","12","all_enemies","0","0","0","-1","-1"
1780433382,"13","2","4","normal","rng_heal","Ranger","1","1","enemy","2","0","0","0","-1"
1780433384,"13","2","4","normal","wlk_drain_life","Warlock","1","1","enemy","2","0","0","1","-1"
1780433385,"13","2","4","normal","wlk_life_tap","Warlock","0","1","self","0","0","0","-1","-1"
1780433386,"13","2","4","normal","rng_multishot","Ranger","1","1","all_enemies","0","0","0","-1","-1"
1780433387,"13","2","4","normal","wlk_hellfire","Warlock","2","1","all_enemies","0","0","0","-1","-1"
1780433389,"13","2","4","normal","wlk_drain_life","Warlock","1","1","enemy","0","0","0","1","-1"
1780433395,"13","2","4","normal","wlk_corruption","Warlock","1","2","enemy","0","0","0","0","-1"
1780433397,"13","2","4","normal","rng_aim","Ranger","2","2","enemy","0","0","0","1","-1"
1780433399,"13","2","4","normal","wlk_drain_life","Warlock","1","2","enemy","0","0","0","1","-1"
1780433401,"13","2","4","normal","rng_snipe","Ranger","3","2","enemy","1","0","0","1","-1"
1780433403,"13","2","4","normal","util_energ","Unknown","0","2","self","0","0","0","-1","-1"
1780433407,"13","2","4","normal","wlk_curse_frailty","Warlock","1","3","enemy","0","0","0","0","-1"
1780433409,"13","2","4","normal","wlk_shadow_bolt","Warlock","1","3","enemy","2","0","0","0","-1"
1780433411,"13","2","4","normal","rng_snipe","Ranger","3","3","enemy","1","0","0","0","-1"
1780433412,"13","2","4","normal","wlk_dark_harvest","Warlock","2","3","self","1","0","0","-1","-1"
1780433414,"13","2","4","normal","wlk_drain_life","Warlock","1","3","enemy","0","0","0","0","-1"
1780433417,"13","2","4","normal","wlk_dark_pact","Warlock","1","4","self","0","0","0","-1","-1"
1780433418,"13","2","4","normal","wlk_life_tap","Warlock","0","4","self","0","0","0","-1","-1"
1780433420,"13","2","4","normal","wlk_drain_life","Warlock","1","4","enemy","0","0","0","0","-1"
1780433422,"13","2","4","normal","rng_trap","Ranger","1","4","enemy","0","0","0","0","-1"
1780433423,"13","2","4","normal","rng_multishot","Ranger","1","4","all_enemies","0","0","0","-1","-1"
1780433425,"13","2","4","normal","rng_aim","Ranger","2","4","enemy","0","0","0","0","-1"
1780433430,"13","2","4","normal","wlk_drain_life","Warlock","1","5","enemy","2","0","0","0","-1"
1780433432,"13","2","4","normal","rng_multishot","Ranger","1","5","all_enemies","0","0","0","-1","-1"
1780433433,"13","2","4","normal","util_rejuv","Unknown","1","5","all_allies","1","0","0","-1","-1"
1780433433,"13","2","4","normal","wlk_hellfire","Warlock","2","5","all_enemies","0","0","0","-1","-1"
1780433434,"13","2","4","normal","util_energ","Unknown","0","5","self","0","0","0","-1","-1"
1780433439,"13","2","4","normal","wlk_corruption","Warlock","1","6","enemy","0","0","0","0","-1"
1780433440,"13","2","4","normal","rng_heal","Ranger","1","6","enemy","2","0","0","0","-1"
1780433456,"13","2","4","boss","wlk_curse_frailty","Warlock","1","1","enemy","0","0","0","0","-1"
1780433457,"13","2","4","boss","rng_multishot","Ranger","1","1","all_enemies","0","0","0","-1","-1"
1780433459,"13","2","4","boss","wlk_drain_life","Warlock","1","1","enemy","0","0","0","1","-1"
1780433461,"13","2","4","boss","wlk_drain_life","Warlock","1","1","enemy","0","0","0","1","-1"
1780433464,"13","2","4","boss","wlk_shadow_bolt","Warlock","1","1","enemy","2","0","0","1","-1"
1780433470,"13","2","4","boss","wlk_life_tap","Warlock","0","2","self","0","0","0","-1","-1"
1780433473,"13","2","4","boss","rng_heal","Ranger","1","2","enemy","2","0","0","1","-1"
1780433475,"13","2","4","boss","rng_trap","Ranger","1","2","enemy","0","0","0","1","-1"
1780433476,"13","2","4","boss","wlk_hellfire","Warlock","2","2","all_enemies","0","0","0","-1","-1"
1780433477,"13","2","4","boss","wlk_dark_harvest","Warlock","2","2","self","1","0","0","-1","-1"
1780433482,"13","2","4","boss","wlk_drain_life","Warlock","1","3","enemy","2","0","0","1","-1"
1780433484,"13","2","4","boss","wlk_life_tap","Warlock","0","3","self","0","0","0","-1","-1"
1780433487,"13","2","4","boss","wlk_curse_frailty","Warlock","1","3","enemy","0","0","0","0","-1"
1780433489,"13","2","4","boss","wlk_corruption","Warlock","1","3","enemy","0","0","0","0","-1"
1780433491,"13","2","4","boss","rng_trap","Ranger","1","3","enemy","0","0","0","0","-1"
1780433492,"13","2","4","boss","rng_multishot","Ranger","1","3","all_enemies","0","0","0","-1","-1"
1780433498,"13","2","4","boss","wlk_drain_life","Warlock","1","4","enemy","0","0","0","1","-1"
1780433500,"13","2","4","boss","rng_aim","Ranger","2","4","enemy","0","0","0","1","-1"
1780433501,"13","2","4","boss","rng_multishot","Ranger","1","4","all_enemies","0","0","0","-1","-1"
1780433502,"13","2","4","boss","wlk_hellfire","Warlock","2","4","all_enemies","0","0","0","-1","-1"
1780433503,"13","2","4","boss","wlk_life_tap","Warlock","0","4","self","0","0","0","-1","-1"
1780433505,"13","2","4","boss","wlk_shadow_bolt","Warlock","1","4","enemy","2","0","0","0","-1"
1780433512,"13","2","4","boss","rng_snipe","Ranger","3","5","enemy","1","0","0","0","-1"
1780433514,"13","2","4","boss","wlk_drain_life","Warlock","1","5","enemy","0","0","0","0","-1"
1780433514,"13","2","4","boss","util_rejuv","Unknown","1","5","all_allies","1","0","0","-1","-1"
1780433515,"13","2","4","boss","util_energ","Unknown","0","5","self","0","0","0","-1","-1"
1780433516,"13","2","4","boss","wlk_dark_pact","Warlock","1","5","self","0","0","0","-1","-1"
1780433520,"13","2","4","boss","rng_heal","Ranger","1","6","enemy","2","0","0","0","-1"
1780433523,"13","2","4","boss","wlk_dark_harvest","Warlock","2","6","self","1","0","0","-1","-1"
1780433524,"13","2","4","boss","rng_multishot","Ranger","1","6","all_enemies","0","0","0","-1","-1"
1780433525,"13","2","4","boss","wlk_life_tap","Warlock","0","6","self","0","0","0","-1","-1"
1780433525,"13","2","4","boss","util_energ","Unknown","0","6","self","0","0","0","-1","-1"
1780433528,"13","2","4","boss","rng_trap","Ranger","1","6","enemy","0","0","0","0","-1"
1780433532,"13","2","4","boss","wlk_corruption","Warlock","1","7","enemy","0","0","0","0","-1"
1780433533,"13","2","4","boss","wlk_hellfire","Warlock","2","7","all_enemies","0","0","0","-1","-1"
1780433535,"13","2","4","boss","rng_aim","Ranger","2","7","enemy","0","0","0","0","-1"
1780433535,"13","2","4","boss","wlk_dark_pact","Warlock","1","7","self","0","0","0","-1","-1"
1780433538,"13","2","4","boss","rng_multishot","Ranger","1","8","all_enemies","0","0","0","-1","-1"
1780433540,"13","2","4","boss","wlk_drain_life","Warlock","1","8","enemy","2","0","0","0","-1"
1780433541,"13","2","4","boss","wlk_drain_life","Warlock","1","8","enemy","0","0","0","0","-1"
1780433548,"13","2","4","boss","wlk_drain_life","Warlock","1","8","enemy","0","0","0","0","-1"
1780433552,"13","2","4","boss","wlk_shadow_bolt","Warlock","1","9","enemy","2","0","0","0","-1"
1780433553,"13","2","4","boss","rng_snipe","Ranger","3","9","enemy","1","0","0","0","-1"
1780433554,"13","2","4","boss","wlk_life_tap","Warlock","0","9","self","0","0","0","-1","-1"
1780433555,"13","2","4","boss","wlk_hellfire","Warlock","2","9","all_enemies","0","0","0","-1","-1"
1780433556,"13","2","4","boss","wlk_dark_pact","Warlock","1","9","self","0","0","0","-1","-1"
1780433558,"13","2","4","boss","wlk_curse_frailty","Warlock","1","9","enemy","0","0","0","0","-1"
1780433562,"13","2","4","boss","util_rejuv","Unknown","1","10","all_allies","1","0","0","-1","-1"
1780433564,"13","2","4","boss","wlk_corruption","Warlock","1","10","enemy","0","0","0","0","-1"
1780433565,"13","2","4","boss","rng_multishot","Ranger","1","10","all_enemies","0","0","0","-1","-1"
1780433567,"13","2","4","boss","wlk_drain_life","Warlock","1","10","enemy","0","0","0","0","-1"
1780433568,"13","2","4","boss","wlk_dark_harvest","Warlock","2","10","self","1","0","0","-1","-1"
1780433571,"13","2","4","boss","rng_heal","Ranger","1","11","enemy","2","0","0","0","-1"
1780433573,"13","2","4","boss","wlk_drain_life","Warlock","1","11","enemy","2","0","0","0","-1"
1780433575,"13","2","4","boss","rng_trap","Ranger","1","11","enemy","0","0","0","0","-1"
1780433577,"13","2","4","boss","rng_aim","Ranger","2","11","enemy","0","0","0","0","-1"
1780433578,"13","2","4","boss","rng_multishot","Ranger","1","11","all_enemies","0","0","0","-1","-1"
1780433585,"13","2","4","boss","wlk_drain_life","Warlock","1","12","enemy","2","0","0","0","-1"
1780433586,"13","2","4","boss","wlk_life_tap","Warlock","0","12","self","0","0","0","-1","-1"
1780433589,"13","2","4","boss","wlk_drain_life","Warlock","1","12","enemy","0","0","0","0","-1"
1780433591,"13","2","4","boss","rng_heal","Ranger","1","12","enemy","2","0","0","0","-1"
1780433593,"13","2","4","boss","rng_snipe","Ranger","3","12","enemy","1","0","0","0","-1"
1780433642,"13","2","5","normal","rng_trap","Ranger","1","1","enemy","0","0","0","0","-1"
1780433644,"13","2","5","normal","wlk_corruption","Warlock","1","1","enemy","0","0","0","0","-1"
1780433645,"13","2","5","normal","wlk_dark_pact","Warlock","1","1","self","0","0","0","-1","-1"
1780433647,"13","2","5","normal","wlk_life_tap","Warlock","0","1","self","0","0","0","-1","-1"
1780433650,"13","2","5","normal","wlk_curse_frailty","Warlock","1","1","enemy","0","0","0","0","-1"
1780433651,"13","2","5","normal","util_energ","Unknown","0","1","self","0","0","0","-1","-1"
1780433657,"13","2","5","normal","wlk_drain_life","Warlock","1","2","enemy","2","0","0","1","-1"
1780433659,"13","2","5","normal","rng_heal","Ranger","1","2","enemy","2","0","0","1","-1"
1780433660,"13","2","5","normal","wlk_life_tap","Warlock","0","2","self","0","0","0","-1","-1"
1780433660,"13","2","5","normal","rng_multishot","Ranger","1","2","all_enemies","0","0","0","-1","-1"
1780433662,"13","2","5","normal","rng_aim","Ranger","2","2","enemy","0","0","0","1","-1"
1780433665,"13","2","5","normal","wlk_shadow_bolt","Warlock","1","2","enemy","2","0","0","0","-1"
1780433669,"13","2","5","normal","wlk_dark_pact","Warlock","1","3","self","0","0","0","-1","-1"
1780433671,"13","2","5","normal","wlk_drain_life","Warlock","1","3","enemy","0","0","0","1","-1"
1780433672,"13","2","5","normal","wlk_dark_harvest","Warlock","2","3","self","1","0","0","-1","-1"
1780433673,"13","2","5","normal","rng_multishot","Ranger","1","3","all_enemies","0","0","0","-1","-1"
1780433674,"13","2","5","normal","util_rejuv","Unknown","1","3","all_allies","1","0","0","-1","-1"
1780433678,"13","2","5","normal","rng_heal","Ranger","1","4","enemy","2","0","0","1","-1"
1780433679,"13","2","5","normal","wlk_drain_life","Warlock","1","4","enemy","2","0","0","1","-1"
1780433681,"13","2","5","normal","wlk_hellfire","Warlock","2","4","all_enemies","0","0","0","-1","-1"
1780433683,"13","2","5","normal","rng_aim","Ranger","2","4","enemy","0","0","0","1","-1"
1780433684,"13","2","5","normal","util_energ","Unknown","0","4","self","0","0","0","-1","-1"
1780433690,"13","2","5","normal","wlk_curse_frailty","Warlock","1","5","enemy","0","0","0","0","-1"
1780433692,"13","2","5","normal","wlk_shadow_bolt","Warlock","1","5","enemy","2","0","0","1","-1"
1780433693,"13","2","5","normal","rng_trap","Ranger","1","5","enemy","0","0","0","0","-1"
1780433695,"13","2","5","normal","wlk_corruption","Warlock","1","5","enemy","0","0","0","0","-1"
1780433696,"13","2","5","normal","rng_multishot","Ranger","1","5","all_enemies","0","0","0","-1","-1"
1780433700,"13","2","5","normal","wlk_drain_life","Warlock","1","6","enemy","0","0","0","0","-1"
1780433702,"13","2","5","normal","rng_snipe","Ranger","3","6","enemy","1","0","0","0","-1"
1780433703,"13","2","5","normal","rng_trap","Ranger","1","6","enemy","0","0","0","0","-1"
1780433704,"13","2","5","normal","wlk_life_tap","Warlock","0","6","self","0","0","0","-1","-1"
1780433705,"13","2","5","normal","wlk_life_tap","Warlock","0","6","self","0","0","0","-1","-1"
1780433707,"13","2","5","normal","wlk_shadow_bolt","Warlock","1","6","enemy","2","0","0","0","-1"
1780433708,"13","2","5","normal","wlk_hellfire","Warlock","2","6","all_enemies","0","0","0","-1","-1"
1780433712,"13","2","5","normal","wlk_drain_life","Warlock","1","7","enemy","2","0","0","0","-1"
1780433714,"13","2","5","normal","wlk_drain_life","Warlock","1","7","enemy","0","0","0","0","-1"
1780433715,"13","2","5","normal","rng_multishot","Ranger","1","7","all_enemies","0","0","0","-1","-1"
1780433717,"13","2","5","normal","rng_trap","Ranger","1","7","enemy","0","0","0","0","-1"
1780433721,"13","2","5","normal","rng_heal","Ranger","1","8","enemy","2","0","0","0","-1"
1780433722,"13","2","5","normal","wlk_curse_frailty","Warlock","1","8","enemy","0","0","0","0","-1"
1780433724,"13","2","5","normal","rng_snipe","Ranger","3","8","enemy","1","0","0","0","-1"
1780433724,"13","2","5","normal","wlk_dark_harvest","Warlock","2","8","self","1","0","0","-1","-1"
1780433728,"13","2","5","normal","wlk_dark_pact","Warlock","1","9","self","0","0","0","-1","-1"
1780433729,"13","2","5","normal","wlk_corruption","Warlock","1","9","enemy","0","0","0","0","-1"
1780433731,"13","2","5","normal","rng_trap","Ranger","1","9","enemy","0","0","0","0","-1"
1780433731,"13","2","5","normal","rng_multishot","Ranger","1","9","all_enemies","0","0","0","-1","-1"
1780433733,"13","2","5","normal","wlk_drain_life","Warlock","1","9","enemy","0","0","0","0","-1"
1780433736,"13","2","5","normal","wlk_drain_life","Warlock","1","10","enemy","0","0","0","0","-1"
1780433737,"13","2","5","normal","rng_heal","Ranger","1","10","enemy","2","0","0","0","-1"
1780433739,"13","2","5","normal","rng_aim","Ranger","2","10","enemy","0","0","0","0","-1"
1780433740,"13","2","5","normal","rng_multishot","Ranger","1","10","all_enemies","0","0","0","-1","-1"
1780433740,"13","2","5","normal","util_energ","Unknown","0","10","self","0","0","0","-1","-1"
1780433744,"13","2","5","normal","wlk_shadow_bolt","Warlock","1","11","enemy","2","0","0","0","-1"
1780433745,"13","2","5","normal","wlk_dark_harvest","Warlock","2","11","self","1","0","0","-1","-1"
1780433746,"13","2","5","normal","wlk_corruption","Warlock","1","11","enemy","0","0","0","0","-1"
1780433747,"13","2","5","normal","rng_trap","Ranger","1","11","enemy","0","0","0","0","-1"
1780433748,"13","2","5","normal","rng_multishot","Ranger","1","11","all_enemies","0","0","0","-1","-1"
1780433750,"13","2","5","normal","wlk_life_tap","Warlock","0","12","self","0","0","0","-1","-1"
1780433751,"13","2","5","normal","rng_snipe","Ranger","3","12","enemy","1","0","0","0","-1"
1780433753,"13","2","5","normal","wlk_drain_life","Warlock","1","12","enemy","0","0","0","0","-1"
1780433754,"13","2","5","normal","wlk_dark_pact","Warlock","1","12","self","0","0","0","-1","-1"
1780433754,"13","2","5","normal","wlk_life_tap","Warlock","0","12","self","0","0","0","-1","-1"
1780433756,"13","2","5","normal","wlk_drain_life","Warlock","1","12","enemy","2","0","0","0","-1"
1780433834,"13","2","5","elite","mag_inferno","Mage","3","1","enemy","1","0","0","1","-1"
1780433845,"13","2","5","elite","rng_aim","Ranger","2","1","enemy","0","0","0","1","-1"
1780433846,"13","2","5","elite","rng_multishot","Ranger","1","1","all_enemies","0","0","0","-1","-1"
1780433847,"13","2","5","elite","wlk_dark_pact","Warlock","1","1","self","0","0","0","-1","-1"
1780433847,"13","2","5","elite","wlk_dark_harvest","Warlock","2","1","self","1","0","0","-1","-1"
1780433856,"13","2","5","elite","wlk_corruption","Warlock","1","3","enemy","0","0","0","0","-1"
1780433858,"13","2","5","elite","wlk_hellfire","Warlock","2","3","all_enemies","0","0","0","-1","-1"
1780433860,"13","2","5","elite","wlk_curse_frailty","Warlock","1","3","enemy","0","0","0","0","-1"
1780433861,"13","2","5","elite","wlk_life_tap","Warlock","0","3","self","0","0","0","-1","-1"
1780433863,"13","2","5","elite","wlk_drain_life","Warlock","1","3","enemy","2","0","0","1","-1"
1780433864,"13","2","5","elite","wlk_shadow_bolt","Warlock","1","3","enemy","2","0","0","1","-1"
1780433871,"13","2","5","elite","wlk_curse_frailty","Warlock","1","4","enemy","0","0","0","0","-1"
1780433873,"13","2","5","elite","mag_frostbolt","Mage","1","4","enemy","1","0","0","1","-1"
1780433875,"13","2","5","elite","rng_trap","Ranger","1","4","enemy","0","0","0","1","-1"
1780433877,"13","2","5","elite","mag_inferno","Mage","3","4","enemy","0","0","0","1","-1"
1780433879,"13","2","5","elite","rng_trap","Ranger","1","4","enemy","0","0","0","0","-1"
1780433889,"13","2","5","elite","mag_meteor","Mage","4","5","all_enemies","2","0","0","-1","-1"
1780433892,"13","2","5","elite","wlk_life_tap","Warlock","0","5","self","0","0","0","-1","-1"
1780433895,"13","2","5","elite","rng_aim","Ranger","2","5","enemy","0","0","0","0","-1"
1780433896,"13","2","5","elite","mag_inferno","Mage","3","5","enemy","1","0","0","0","-1"
1780433897,"13","2","5","elite","rng_multishot","Ranger","1","5","all_enemies","0","0","0","-1","-1"
1780433898,"13","2","5","elite","rng_multishot","Ranger","1","5","all_enemies","0","0","0","-1","-1"
1780433903,"13","2","5","elite","wlk_drain_life","Warlock","1","6","enemy","2","0","0","0","-1"
1780433905,"13","2","5","elite","wlk_drain_life","Warlock","1","6","enemy","0","0","0","0","-1"
1780433906,"13","2","5","elite","rng_heal","Ranger","1","6","enemy","2","0","0","0","-1"
1780433908,"13","2","5","elite","wlk_shadow_bolt","Warlock","1","6","enemy","2","0","0","0","-1"
1780433909,"13","2","5","elite","util_energ","Unknown","0","6","self","0","0","0","-1","-1"
1780433913,"13","2","5","elite","wlk_curse_frailty","Warlock","1","7","enemy","0","0","0","0","-1"
1780433914,"13","2","5","elite","util_rejuv","Unknown","1","7","all_allies","1","0","0","-1","-1"
1780433915,"13","2","5","elite","mag_inferno","Mage","3","7","enemy","0","0","0","0","-1"
1780433917,"13","2","5","elite","wlk_corruption","Warlock","1","7","enemy","0","0","0","0","-1"
1780433917,"13","2","5","elite","wlk_dark_harvest","Warlock","2","7","self","1","0","0","-1","-1"
1780433923,"13","2","5","elite","rng_trap","Ranger","1","8","enemy","0","0","0","0","-1"
1780433924,"13","2","5","elite","wlk_hellfire","Warlock","2","8","all_enemies","0","0","0","-1","-1"
1780433925,"13","2","5","elite","wlk_dark_pact","Warlock","1","8","self","0","0","0","-1","-1"
1780433926,"13","2","5","elite","rng_trap","Ranger","1","8","enemy","0","0","0","0","-1"
1780433928,"13","2","5","elite","mag_scorch","Mage","0","8","enemy","0","0","0","0","-1"
1780433933,"13","2","5","elite","wlk_drain_life","Warlock","1","9","enemy","0","0","0","0","-1"
1780433935,"13","2","5","elite","rng_snipe","Ranger","3","9","enemy","1","0","0","0","-1"
1780433935,"13","2","5","elite","wlk_life_tap","Warlock","0","9","self","0","0","0","-1","-1"
1780433937,"13","2","5","elite","wlk_curse_frailty","Warlock","1","9","enemy","0","0","0","0","-1"
1780433941,"13","2","5","elite","rng_heal","Ranger","1","10","enemy","2","0","0","0","-1"
1780433943,"13","2","5","elite","rng_trap","Ranger","1","10","enemy","0","0","0","0","-1"
1780433943,"13","2","5","elite","wlk_dark_pact","Warlock","1","10","self","0","0","0","-1","-1"
1780433944,"13","2","5","elite","wlk_life_tap","Warlock","0","10","self","0","0","0","-1","-1"
1780433945,"13","2","5","elite","wlk_dark_harvest","Warlock","2","10","self","1","0","0","-1","-1"
1780433949,"13","2","5","elite","wlk_drain_life","Warlock","1","11","enemy","0","0","0","0","-1"
1780433952,"13","2","5","elite","wlk_curse_frailty","Warlock","1","11","enemy","0","0","0","0","-1"
1780433954,"13","2","5","elite","wlk_shadow_bolt","Warlock","1","11","enemy","2","0","0","0","-1"
1780433955,"13","2","5","elite","util_energ","Unknown","0","11","self","0","0","0","-1","-1"
1780433956,"13","2","5","elite","util_rejuv","Unknown","1","11","all_allies","1","0","0","-1","-1"
1780433964,"13","2","5","elite","rng_trap","Ranger","1","12","enemy","0","0","0","0","-1"
1780433966,"13","2","5","elite","wlk_corruption","Warlock","1","12","enemy","0","0","0","0","-1"
1780433969,"13","2","5","elite","wlk_drain_life","Warlock","1","12","enemy","0","0","0","0","-1"
1780433971,"13","2","5","elite","rng_aim","Ranger","2","12","enemy","0","0","0","0","-1"
1780433971,"13","2","5","elite","rng_multishot","Ranger","1","12","all_enemies","0","0","0","-1","-1"
1780433972,"13","2","5","elite","wlk_hellfire","Warlock","2","12","all_enemies","0","0","0","-1","-1"
1780434000,"13","2","5","elite","rng_multishot","Ranger","1","1","all_enemies","0","0","0","-1","-1"
1780434002,"13","2","5","elite","rng_trap","Ranger","1","1","enemy","0","0","0","1","-1"
1780434004,"13","2","5","elite","wlk_shadow_bolt","Warlock","1","1","enemy","2","0","0","1","-1"
1780434005,"13","2","5","elite","wlk_dark_harvest","Warlock","2","1","self","1","0","0","-1","-1"
1780434009,"13","2","5","elite","wlk_drain_life","Warlock","1","2","enemy","0","0","0","1","-1"
1780434010,"13","2","5","elite","wlk_life_tap","Warlock","0","2","self","0","0","0","-1","-1"
1780434012,"13","2","5","elite","rng_heal","Ranger","1","2","enemy","2","0","0","1","-1"
1780434017,"13","2","5","elite","wlk_curse_frailty","Warlock","1","2","enemy","0","0","0","1","-1"
1780434018,"13","2","5","elite","wlk_drain_life","Warlock","1","2","enemy","0","0","0","1","-1"
1780434023,"13","2","5","elite","rng_snipe","Ranger","3","3","enemy","1","0","0","1","-1"
1780434024,"13","2","5","elite","wlk_curse_frailty","Warlock","1","3","enemy","0","0","0","0","-1"
1780434025,"13","2","5","elite","wlk_dark_pact","Warlock","1","3","self","0","0","0","-1","-1"
1780434028,"13","2","5","elite","rng_trap","Ranger","1","3","enemy","0","0","0","0","-1"
1780434029,"13","2","5","elite","rng_multishot","Ranger","1","3","all_enemies","0","0","0","-1","-1"
1780434034,"13","2","5","elite","wlk_drain_life","Warlock","1","4","enemy","0","0","0","1","-1"
1780434038,"13","2","5","elite","wlk_curse_frailty","Warlock","1","4","enemy","0","0","0","1","-1"
1780434040,"13","2","5","elite","rng_trap","Ranger","1","4","enemy","0","0","0","0","-1"
1780434042,"13","2","5","elite","rng_aim","Ranger","2","4","enemy","0","0","0","1","-1"
1780434043,"13","2","5","elite","util_rejuv","Unknown","1","4","all_allies","1","0","0","-1","-1"
1780434047,"13","2","5","elite","rng_heal","Ranger","1","5","enemy","2","0","0","1","-1"
1780434049,"13","2","5","elite","wlk_curse_frailty","Warlock","1","5","enemy","0","0","0","0","-1"
1780434050,"13","2","5","elite","wlk_hellfire","Warlock","2","5","all_enemies","0","0","0","-1","-1"
1780434051,"13","2","5","elite","wlk_dark_harvest","Warlock","2","5","self","1","0","0","-1","-1"
1780434051,"13","2","5","elite","util_energ","Unknown","0","5","self","0","0","0","-1","-1"
1780434055,"13","2","5","elite","wlk_drain_life","Warlock","1","6","enemy","2","0","0","1","-1"
1780434057,"13","2","5","elite","rng_trap","Ranger","1","6","enemy","0","0","0","0","-1"
1780434058,"13","2","5","elite","wlk_life_tap","Warlock","0","6","self","0","0","0","-1","-1"
1780434060,"13","2","5","elite","wlk_dark_pact","Warlock","1","6","self","0","0","0","-1","-1"
1780434060,"13","2","5","elite","rng_multishot","Ranger","1","6","all_enemies","0","0","0","-1","-1"
1780434062,"13","2","5","elite","rng_snipe","Ranger","3","6","enemy","1","0","0","0","-1"
1780434067,"13","2","5","elite","wlk_drain_life","Warlock","1","7","enemy","0","0","0","0","-1"
1780434068,"13","2","5","elite","wlk_life_tap","Warlock","0","7","self","0","0","0","-1","-1"
1780434069,"13","2","5","elite","wlk_curse_frailty","Warlock","1","7","enemy","0","0","0","0","-1"
1780434072,"13","2","5","elite","wlk_corruption","Warlock","1","7","enemy","0","0","0","0","-1"
1780434073,"13","2","5","elite","wlk_shadow_bolt","Warlock","1","7","enemy","2","0","0","0","-1"
1780434074,"13","2","5","elite","rng_multishot","Ranger","1","7","all_enemies","0","0","0","-1","-1"
1780434079,"13","2","5","elite","rng_trap","Ranger","1","8","enemy","0","0","0","0","-1"
1780434082,"13","2","5","elite","rng_aim","Ranger","2","8","enemy","0","0","0","0","-1"
1780434083,"13","2","5","elite","wlk_dark_pact","Warlock","1","8","self","0","0","0","-1","-1"
1780434083,"13","2","5","elite","wlk_life_tap","Warlock","0","8","self","0","0","0","-1","-1"
1780434085,"13","2","5","elite","wlk_corruption","Warlock","1","8","enemy","0","0","0","0","-1"
1780434086,"13","2","5","elite","rng_multishot","Ranger","1","8","all_enemies","0","0","0","-1","-1"
1780434091,"13","2","5","elite","wlk_dark_harvest","Warlock","2","9","self","1","0","0","-1","-1"
1780434091,"13","2","5","elite","wlk_hellfire","Warlock","2","9","all_enemies","0","0","0","-1","-1"
1780434093,"13","2","5","elite","rng_snipe","Ranger","3","9","enemy","1","0","0","0","-1"
1780434094,"13","2","5","elite","util_rejuv","Unknown","1","9","all_allies","1","0","0","-1","-1"
1780434096,"13","2","5","elite","rng_heal","Ranger","1","9","enemy","2","0","0","0","-1"
1780434098,"13","2","5","elite","rng_multishot","Ranger","1","10","all_enemies","0","0","0","-1","-1"
1780434100,"13","2","5","elite","wlk_drain_life","Warlock","1","10","enemy","0","0","0","0","-1"
1780434102,"13","2","5","elite","wlk_curse_frailty","Warlock","1","10","enemy","0","0","0","0","-1"
1780434103,"13","2","5","elite","util_energ","Unknown","0","10","self","0","0","0","-1","-1"
1780434107,"13","2","5","elite","wlk_drain_life","Warlock","1","11","enemy","2","0","0","0","-1"
1780434108,"13","2","5","elite","wlk_life_tap","Warlock","0","11","self","0","0","0","-1","-1"
1780434110,"13","2","5","elite","wlk_drain_life","Warlock","1","11","enemy","0","0","0","0","-1"
1780434112,"13","2","5","elite","wlk_shadow_bolt","Warlock","1","11","enemy","2","0","0","0","-1"
1780434113,"13","2","5","elite","rng_trap","Ranger","1","11","enemy","0","0","0","0","-1"
1780434119,"13","2","5","elite","wlk_shadow_bolt","Warlock","1","12","enemy","2","0","0","0","-1"
1780434120,"13","2","5","elite","rng_snipe","Ranger","3","12","enemy","1","0","0","0","-1"
1780434122,"13","2","5","elite","rng_heal","Ranger","1","12","enemy","2","0","0","0","-1"
1780434122,"13","2","5","elite","wlk_hellfire","Warlock","2","12","all_enemies","0","0","0","-1","-1"
1780434123,"13","2","5","elite","wlk_dark_harvest","Warlock","2","12","self","1","0","0","-1","-1"
1780434127,"13","2","5","elite","wlk_drain_life","Warlock","1","13","enemy","0","0","0","0","-1"
1780434129,"13","2","5","elite","wlk_curse_frailty","Warlock","1","13","enemy","0","0","0","0","-1"
1780434130,"13","2","5","elite","wlk_corruption","Warlock","1","13","enemy","0","0","0","0","-1"
1780434132,"13","2","5","elite","rng_aim","Ranger","2","13","enemy","0","0","0","0","-1"
1780434135,"13","2","5","elite","wlk_drain_life","Warlock","1","14","enemy","2","0","0","0","-1"
1780434136,"13","2","5","elite","wlk_life_tap","Warlock","0","14","self","0","0","0","-1","-1"
1780434137,"13","2","5","elite","wlk_dark_pact","Warlock","1","14","self","0","0","0","-1","-1"
1780434140,"13","2","5","elite","rng_trap","Ranger","1","14","enemy","0","0","0","0","-1"
1780434143,"13","2","5","elite","rng_trap","Ranger","1","14","enemy","0","0","0","0","-1"
1780434143,"13","2","5","elite","rng_multishot","Ranger","1","14","all_enemies","0","0","0","-1","-1"
1780434150,"13","2","5","elite","wlk_drain_life","Warlock","1","15","enemy","0","0","0","0","-1"
1780434152,"13","2","5","elite","wlk_life_tap","Warlock","0","15","self","0","0","0","-1","-1"
1780434153,"13","2","5","elite","util_rejuv","Unknown","1","15","all_allies","1","0","0","-1","-1"
1780434154,"13","2","5","elite","rng_multishot","Ranger","1","15","all_enemies","0","0","0","-1","-1"
1780434155,"13","2","5","elite","wlk_curse_frailty","Warlock","1","15","enemy","0","0","0","0","-1"
1780434156,"13","2","5","elite","util_energ","Unknown","0","15","self","0","0","0","-1","-1"
1780434160,"13","2","5","elite","wlk_shadow_bolt","Warlock","1","16","enemy","2","0","0","0","-1"
1780434179,"13","2","5","normal","wlk_dark_pact","Warlock","1","1","self","0","0","0","-1","-1"
1780434194,"13","2","5","normal","wlk_drain_life","Warlock","1","1","enemy","0","0","0","1","-1"
1780434195,"13","2","5","normal","rng_snipe","Ranger","3","1","enemy","1","0","0","1","-1"
1780434197,"13","2","5","normal","rng_trap","Ranger","1","1","enemy","0","0","0","1","-1"
1780434200,"13","2","5","normal","wlk_curse_frailty","Warlock","1","1","enemy","0","0","0","0","-1"
1780434201,"13","2","5","normal","util_rejuv","Unknown","1","1","all_allies","1","0","0","-1","-1"
1780434208,"13","2","5","normal","rng_heal","Ranger","1","2","enemy","2","0","0","1","-1"
1780434214,"13","2","5","normal","rng_multishot","Ranger","1","2","all_enemies","0","0","0","-1","-1"
1780434215,"13","2","5","normal","wlk_corruption","Warlock","1","2","enemy","0","0","0","1","-1"
1780434219,"13","2","5","normal","wlk_curse_frailty","Warlock","1","2","enemy","0","0","0","1","-1"
1780434220,"13","2","5","normal","wlk_life_tap","Warlock","0","2","self","0","0","0","-1","-1"
1780434220,"13","2","5","normal","util_energ","Unknown","0","2","self","0","0","0","-1","-1"
1780434224,"13","2","5","normal","rng_aim","Ranger","2","3","enemy","0","0","0","1","-1"
1780434225,"13","2","5","normal","wlk_life_tap","Warlock","0","3","self","0","0","0","-1","-1"
1780434227,"13","2","5","normal","wlk_hellfire","Warlock","2","3","all_enemies","0","0","0","-1","-1"
1780434229,"13","2","5","normal","wlk_drain_life","Warlock","1","3","enemy","0","0","0","1","-1"
1780434231,"13","2","5","normal","wlk_curse_frailty","Warlock","1","3","enemy","0","0","0","0","-1"
1780434249,"13","2","5","normal","wlk_life_tap","Warlock","0","4","self","0","0","0","-1","-1"
1780434251,"13","2","5","normal","wlk_drain_life","Warlock","1","4","enemy","2","0","0","1","-1"
1780434253,"13","2","5","normal","rng_snipe","Ranger","3","4","enemy","1","0","0","1","-1"
1780434254,"13","2","5","normal","wlk_dark_harvest","Warlock","2","4","self","1","0","0","-1","-1"
1780434256,"13","2","5","normal","wlk_shadow_bolt","Warlock","1","4","enemy","2","0","0","0","-1"
1780434258,"13","2","5","normal","wlk_curse_frailty","Warlock","1","4","enemy","0","0","0","1","-1"
1780434262,"13","2","5","normal","rng_heal","Ranger","1","5","enemy","2","0","0","1","-1"
1780434264,"13","2","5","normal","wlk_corruption","Warlock","1","5","enemy","0","0","0","0","-1"
1780434266,"13","2","5","normal","rng_aim","Ranger","2","5","enemy","0","0","0","1","-1"
1780434266,"13","2","5","normal","wlk_dark_pact","Warlock","1","5","self","0","0","0","-1","-1"
1780434267,"13","2","5","normal","wlk_hellfire","Warlock","2","5","all_enemies","0","0","0","-1","-1"
1780434271,"13","2","5","normal","wlk_drain_life","Warlock","1","6","enemy","0","0","0","1","-1"
1780434274,"13","2","5","normal","wlk_curse_frailty","Warlock","1","6","enemy","0","0","0","1","-1"
1780434275,"13","2","5","normal","rng_multishot","Ranger","1","6","all_enemies","0","0","0","-1","-1"
1780434277,"13","2","5","normal","util_rejuv","Unknown","1","6","all_allies","1","0","0","-1","-1"
1780434282,"13","2","5","normal","wlk_drain_life","Warlock","1","7","enemy","0","0","0","1","-1"
1780434282,"13","2","5","normal","wlk_life_tap","Warlock","0","7","self","0","0","0","-1","-1"
1780434284,"13","2","5","normal","rng_multishot","Ranger","1","7","all_enemies","0","0","0","-1","-1"
1780434286,"13","2","5","normal","rng_trap","Ranger","1","7","enemy","0","0","0","0","-1"
1780434289,"13","2","5","normal","wlk_curse_frailty","Warlock","1","7","enemy","0","0","0","0","-1"
1780434292,"13","2","5","normal","wlk_shadow_bolt","Warlock","1","8","enemy","2","0","0","1","-1"
1780434294,"13","2","5","normal","rng_multishot","Ranger","1","8","all_enemies","0","0","0","-1","-1"
1780434296,"13","2","5","normal","rng_trap","Ranger","1","8","enemy","0","0","0","0","-1"
1780434298,"13","2","5","normal","wlk_drain_life","Warlock","1","8","enemy","0","0","0","0","-1"
1780434303,"13","2","5","normal","wlk_drain_life","Warlock","1","9","enemy","0","0","0","0","-1"
1780434305,"13","2","5","normal","wlk_drain_life","Warlock","1","9","enemy","2","0","0","0","-1"
1780434306,"13","2","5","normal","wlk_corruption","Warlock","1","9","enemy","0","0","0","0","-1"
1780434307,"13","2","5","normal","wlk_dark_harvest","Warlock","2","9","self","1","0","0","-1","-1"
1780434308,"13","2","5","normal","util_energ","Unknown","0","9","self","0","0","0","-1","-1"
1780434312,"13","2","5","normal","rng_heal","Ranger","1","10","enemy","2","0","0","0","-1"
1780434314,"13","2","5","normal","rng_aim","Ranger","2","10","enemy","0","0","0","0","-1"
1780434315,"13","2","5","normal","wlk_life_tap","Warlock","0","10","self","0","0","0","-1","-1"
1780434315,"13","2","5","normal","rng_multishot","Ranger","1","10","all_enemies","0","0","0","-1","-1"
1780434317,"13","2","5","normal","wlk_life_tap","Warlock","0","10","self","0","0","0","-1","-1"
1780434318,"13","2","5","normal","util_rejuv","Unknown","1","10","all_allies","1","0","0","-1","-1"
1780434323,"13","2","5","normal","rng_trap","Ranger","1","11","enemy","0","0","0","0","-1"
1780434328,"13","2","5","normal","rng_snipe","Ranger","3","11","enemy","1","0","0","0","-1"
1780434329,"13","2","5","normal","wlk_hellfire","Warlock","2","11","all_enemies","0","0","0","-1","-1"
1780434330,"13","2","5","normal","wlk_dark_pact","Warlock","1","11","self","0","0","0","-1","-1"
1780434332,"13","2","5","normal","wlk_curse_frailty","Warlock","1","11","enemy","0","0","0","0","-1"
1780434358,"13","2","5","normal","rng_snipe","Ranger","3","1","enemy","1","0","0","0","-1"
1780434360,"13","2","5","normal","rng_multishot","Ranger","1","1","all_enemies","0","0","0","-1","-1"
1780434361,"13","2","5","normal","rng_aim","Ranger","2","1","enemy","0","0","0","1","-1"
1780434362,"13","2","5","normal","rng_multishot","Ranger","1","1","all_enemies","0","0","0","-1","-1"
1780434365,"13","2","5","normal","wlk_curse_frailty","Warlock","1","1","enemy","0","0","0","1","-1"
1780434371,"13","2","5","normal","wlk_drain_life","Warlock","1","2","enemy","2","0","0","1","-1"
1780434375,"13","2","5","normal","rng_snipe","Ranger","3","2","enemy","0","0","0","1","-1"
1780434378,"13","2","5","normal","wlk_corruption","Warlock","1","2","enemy","0","0","0","0","-1"
1780434379,"13","2","5","normal","wlk_curse_frailty","Warlock","1","2","enemy","0","0","0","0","-1"
1780434383,"13","2","5","normal","wlk_dark_harvest","Warlock","2","3","self","1","0","0","-1","-1"
1780434384,"13","2","5","normal","wlk_life_tap","Warlock","0","3","self","0","0","0","-1","-1"
1780434386,"13","2","5","normal","wlk_dark_pact","Warlock","1","3","self","0","0","0","-1","-1"
1780434386,"13","2","5","normal","util_rejuv","Unknown","1","3","all_allies","1","0","0","-1","-1"
1780434392,"13","2","5","normal","util_energ","Unknown","0","3","self","0","0","0","-1","-1"
1780434398,"13","2","5","normal","rng_trap","Ranger","1","4","enemy","0","0","0","0","-1"
1780434402,"13","2","5","normal","wlk_shadow_bolt","Warlock","1","4","enemy","2","0","0","1","-1"
1780434404,"13","2","5","normal","rng_heal","Ranger","1","4","enemy","2","0","0","1","-1"
1780434406,"13","2","5","normal","wlk_drain_life","Warlock","1","4","enemy","0","0","0","1","-1"
1780434408,"13","2","5","normal","wlk_curse_frailty","Warlock","1","4","enemy","0","0","0","0","-1"
1780434411,"13","2","5","normal","util_rejuv","Unknown","1","5","all_allies","1","0","0","-1","-1"
1780434413,"13","2","5","normal","rng_multishot","Ranger","1","5","all_enemies","0","0","0","-1","-1"
1780434414,"13","2","5","normal","util_energ","Unknown","0","5","self","0","0","0","-1","-1"
1780434416,"13","2","5","normal","rng_aim","Ranger","2","5","enemy","0","0","0","0","-1"
1780434421,"13","2","5","normal","wlk_corruption","Warlock","1","6","enemy","0","0","0","0","-1"
1780434423,"13","2","5","normal","rng_trap","Ranger","1","6","enemy","0","0","0","0","-1"
1780434425,"13","2","5","normal","rng_snipe","Ranger","3","6","enemy","0","0","0","0","-1"
1780434428,"13","2","5","normal","wlk_drain_life","Warlock","1","6","enemy","0","0","0","0","-1"
1780434429,"13","2","5","normal","wlk_dark_pact","Warlock","1","6","self","0","0","0","-1","-1"
1780434432,"13","2","5","normal","wlk_hellfire","Warlock","2","7","all_enemies","0","0","0","-1","-1"
1780434433,"13","2","5","normal","wlk_life_tap","Warlock","0","7","self","0","0","0","-1","-1"
1780434434,"13","2","5","normal","rng_snipe","Ranger","3","7","enemy","1","0","0","0","-1"
1780434435,"13","2","5","normal","wlk_life_tap","Warlock","0","7","self","0","0","0","-1","-1"
1780434436,"13","2","5","normal","rng_multishot","Ranger","1","7","all_enemies","0","0","0","-1","-1"
1780434437,"13","2","5","normal","wlk_dark_harvest","Warlock","2","7","self","1","0","0","-1","-1"
1780434439,"13","2","5","normal","wlk_curse_frailty","Warlock","1","7","enemy","0","0","0","0","-1"
1780434443,"13","2","5","normal","wlk_shadow_bolt","Warlock","1","8","enemy","2","0","0","0","-1"
1780434444,"13","2","5","normal","rng_multishot","Ranger","1","8","all_enemies","0","0","0","-1","-1"
1780434446,"13","2","5","normal","wlk_drain_life","Warlock","1","8","enemy","2","0","0","0","-1"
1780434448,"13","2","5","normal","rng_snipe","Ranger","3","8","enemy","0","0","0","0","-1"
1780434453,"13","2","5","normal","rng_trap","Ranger","1","9","enemy","0","0","0","0","-1"
1780434455,"13","2","5","normal","wlk_drain_life","Warlock","1","9","enemy","0","0","0","0","-1"
1780434456,"13","2","5","normal","rng_heal","Ranger","1","9","enemy","2","0","0","0","-1"
1780434458,"13","2","5","normal","rng_snipe","Ranger","3","9","enemy","1","0","0","0","-1"
1780434460,"13","2","5","normal","wlk_curse_frailty","Warlock","1","9","enemy","0","0","0","0","-1"
1780434465,"13","2","5","normal","wlk_corruption","Warlock","1","10","enemy","0","0","0","0","-1"
1780434466,"13","2","5","normal","wlk_dark_harvest","Warlock","2","10","self","1","0","0","-1","-1"
1780434468,"13","2","5","normal","rng_aim","Ranger","2","10","enemy","0","0","0","0","-1"
1780434469,"13","2","5","normal","wlk_hellfire","Warlock","2","10","all_enemies","0","0","0","-1","-1"
1780434470,"13","2","5","normal","wlk_life_tap","Warlock","0","10","self","0","0","0","-1","-1"
1780434471,"13","2","5","normal","rng_multishot","Ranger","1","10","all_enemies","0","0","0","-1","-1"
1780434477,"13","2","5","normal","rng_trap","Ranger","1","11","enemy","0","0","0","0","-1"
1780434478,"13","2","5","normal","wlk_life_tap","Warlock","0","11","self","0","0","0","-1","-1"
1780434479,"13","2","5","normal","util_rejuv","Unknown","1","11","all_allies","1","0","0","-1","-1"
1780434482,"13","2","5","normal","wlk_drain_life","Warlock","1","11","enemy","0","0","0","0","-1"
1780434483,"13","2","5","normal","wlk_dark_pact","Warlock","1","11","self","0","0","0","-1","-1"
1780434484,"13","2","5","normal","wlk_curse_frailty","Warlock","1","11","enemy","0","0","0","0","-1"
1780434489,"13","2","5","normal","wlk_drain_life","Warlock","1","12","enemy","2","0","0","0","-1"
1780434545,"13","2","5","boss","rng_snipe","Ranger","3","1","enemy","0","0","0","1","-1"
1780434552,"13","2","5","boss","wlk_curse_frailty","Warlock","1","1","enemy","0","0","0","2","-1"
1780434553,"13","2","5","boss","wlk_hellfire","Warlock","2","1","all_enemies","0","0","0","-1","-1"
1780434559,"13","2","5","boss","wlk_life_tap","Warlock","0","2","self","0","0","0","-1","-1"
1780434562,"13","2","5","boss","wlk_drain_life","Warlock","1","2","enemy","2","0","0","1","-1"
1780434565,"13","2","5","boss","wlk_shadow_bolt","Warlock","1","2","enemy","2","0","0","1","-1"
1780434568,"13","2","5","boss","wlk_curse_frailty","Warlock","1","2","enemy","0","0","0","0","-1"
1780434569,"13","2","5","boss","util_for","Unknown","1","2","all_allies","0","0","0","-1","-1"
1780434570,"13","2","5","boss","rng_aim","Ranger","2","2","enemy","0","0","0","1","-1"
1780434580,"13","2","5","boss","wlk_corruption","Warlock","1","3","enemy","0","0","0","2","-1"
1780434582,"13","2","5","boss","wlk_dark_harvest","Warlock","2","3","self","1","0","0","-1","-1"
1780434583,"13","2","5","boss","rng_multishot","Ranger","1","3","all_enemies","0","0","0","-1","-1"
1780434584,"13","2","5","boss","wlk_life_tap","Warlock","0","3","self","0","0","0","-1","-1"
1780434588,"13","2","5","boss","wlk_curse_frailty","Warlock","1","3","enemy","0","0","0","0","-1"
1780434594,"13","2","5","boss","rng_trap","Ranger","1","3","enemy","0","0","0","2","-1"
1780434604,"13","2","5","boss","rng_snipe","Ranger","3","4","enemy","0","0","0","1","-1"
1780434606,"13","2","5","boss","rng_heal","Ranger","1","4","enemy","2","0","0","2","-1"
1780434608,"13","2","5","boss","rng_trap","Ranger","1","4","enemy","0","0","0","0","-1"
1780434610,"13","2","5","boss","rng_snipe","Ranger","3","4","enemy","1","0","0","0","-1"
1780434613,"13","2","5","boss","wlk_curse_frailty","Warlock","1","4","enemy","0","0","0","0","-1"
1780434619,"13","2","5","boss","util_for","Unknown","1","5","all_allies","0","0","0","-1","-1"
1780434619,"13","2","5","boss","wlk_dark_pact","Warlock","1","5","self","0","0","0","-1","-1"
1780434622,"13","2","5","boss","wlk_shadow_bolt","Warlock","1","5","enemy","2","0","0","2","-1"
1780434624,"13","2","5","boss","wlk_drain_life","Warlock","1","5","enemy","2","0","0","0","-1"
1780434625,"13","2","5","boss","util_rejuv","Unknown","1","5","all_allies","1","0","0","-1","-1"
1780434632,"13","2","5","boss","rng_trap","Ranger","1","6","enemy","0","0","0","0","-1"
1780434633,"13","2","5","boss","wlk_curse_frailty","Warlock","1","6","enemy","0","0","0","0","-1"
1780434635,"13","2","5","boss","wlk_corruption","Warlock","1","6","enemy","0","0","0","0","-1"
1780434636,"13","2","5","boss","wlk_life_tap","Warlock","0","6","self","0","0","0","-1","-1"
1780434638,"13","2","5","boss","wlk_curse_frailty","Warlock","1","6","enemy","0","0","0","0","-1"
1780434639,"13","2","5","boss","rng_multishot","Ranger","1","6","all_enemies","0","0","0","-1","-1"
1780434643,"13","2","5","boss","wlk_drain_life","Warlock","1","7","enemy","0","0","0","0","-1"
1780434643,"13","2","5","boss","wlk_life_tap","Warlock","0","7","self","0","0","0","-1","-1"
1780434644,"13","2","5","boss","rng_multishot","Ranger","1","7","all_enemies","0","0","0","-1","-1"
1780434646,"13","2","5","boss","rng_aim","Ranger","2","7","enemy","0","0","0","0","-1"
1780434647,"13","2","5","boss","util_battle_plan","Unknown","0","7","self","0","1","1","-1","-1"
1780434649,"13","2","5","boss","wlk_drain_life","Warlock","1","7","enemy","0","0","0","0","-1"
1780434650,"13","2","5","boss","wlk_hellfire","Warlock","2","7","all_enemies","0","0","0","-1","-1"
1780434651,"13","2","5","boss","util_energ","Unknown","0","7","self","0","0","0","-1","-1"
1780434655,"13","2","5","boss","wlk_life_tap","Warlock","0","8","self","0","0","0","-1","-1"
1780434657,"13","2","5","boss","rng_multishot","Ranger","1","8","all_enemies","0","0","0","-1","-1"
1780434658,"13","2","5","boss","wlk_life_tap","Warlock","0","8","self","0","0","0","-1","-1"
1780434661,"13","2","5","boss","rng_trap","Ranger","1","8","enemy","0","0","0","0","-1"
1780434662,"13","2","5","boss","rng_snipe","Ranger","3","8","enemy","1","0","0","0","-1"
1780434663,"13","2","5","boss","wlk_dark_harvest","Warlock","2","8","self","1","0","0","-1","-1"
1780434666,"13","2","5","boss","util_energ","Unknown","0","8","self","0","0","0","-1","-1"
1780434674,"13","2","5","boss","wlk_drain_life","Warlock","1","9","enemy","0","0","0","0","-1"
1780434674,"13","2","5","boss","wlk_dark_pact","Warlock","1","9","self","0","0","0","-1","-1"
1780434675,"13","2","5","boss","rng_multishot","Ranger","1","9","all_enemies","0","0","0","-1","-1"
1780434677,"13","2","5","boss","wlk_curse_frailty","Warlock","1","9","enemy","0","0","0","0","-1"
1780434681,"13","2","5","boss","wlk_shadow_bolt","Warlock","1","10","enemy","2","0","0","0","-1"
1780434682,"13","2","5","boss","wlk_corruption","Warlock","1","10","enemy","0","0","0","0","-1"
1780434684,"13","2","5","boss","rng_aim","Ranger","2","10","enemy","0","0","0","0","-1"
1780434686,"13","2","5","boss","rng_trap","Ranger","1","10","enemy","0","0","0","0","-1"
1780434687,"13","2","5","boss","util_rejuv","Unknown","1","10","all_allies","1","0","0","-1","-1"
1780434692,"13","2","5","boss","wlk_drain_life","Warlock","1","11","enemy","0","0","0","0","-1"
1780434694,"13","2","5","boss","rng_heal","Ranger","1","11","enemy","2","0","0","0","-1"
1780434695,"13","2","5","boss","util_for","Unknown","1","11","all_allies","0","0","0","-1","-1"
1780434696,"13","2","5","boss","wlk_hellfire","Warlock","2","11","all_enemies","0","0","0","-1","-1"
1780434698,"13","2","5","boss","rng_snipe","Ranger","3","11","enemy","0","0","0","0","-1"
1780434710,"13","2","5","boss","wlk_drain_life","Warlock","1","12","enemy","2","0","0","0","-1"
1780434711,"13","2","5","boss","wlk_dark_harvest","Warlock","2","12","self","1","0","0","-1","-1"
1780434713,"13","2","5","boss","wlk_shadow_bolt","Warlock","1","12","enemy","2","0","0","0","-1"
1780434715,"13","2","5","boss","wlk_curse_frailty","Warlock","1","12","enemy","0","0","0","0","-1"
1780434716,"13","2","5","boss","util_energ","Unknown","0","12","self","0","0","0","-1","-1"
1780434719,"13","2","5","boss","wlk_life_tap","Warlock","0","13","self","0","0","0","-1","-1"
1780434722,"13","2","5","boss","wlk_corruption","Warlock","1","13","enemy","0","0","0","0","-1"
1780434723,"13","2","5","boss","util_rejuv","Unknown","1","13","all_allies","1","0","0","-1","-1"
1780434725,"13","2","5","boss","wlk_life_tap","Warlock","0","13","self","0","0","0","-1","-1"
1780434725,"13","2","5","boss","wlk_hellfire","Warlock","2","13","all_enemies","0","0","0","-1","-1"
1780434727,"13","2","5","boss","wlk_curse_frailty","Warlock","1","13","enemy","0","0","0","0","-1"
1780434729,"13","2","5","boss","wlk_drain_life","Warlock","1","13","enemy","0","0","0","0","-1"
1780434732,"13","2","5","boss","wlk_dark_pact","Warlock","1","14","self","0","0","0","-1","-1"
1780434733,"13","2","5","boss","wlk_curse_frailty","Warlock","1","14","enemy","0","0","0","0","-1"
1780434739,"13","2","5","boss","wlk_drain_life","Warlock","1","14","enemy","0","0","0","0","-1"
1780434739,"13","2","5","boss","util_for","Unknown","1","14","all_allies","0","0","0","-1","-1"
1780434741,"13","2","5","boss","wlk_drain_life","Warlock","1","14","enemy","0","0","0","0","-1"
1780434749,"13","2","5","boss","wlk_hellfire","Warlock","2","15","all_enemies","0","0","0","-1","-1"
1780434750,"13","2","5","boss","wlk_corruption","Warlock","1","15","enemy","0","0","0","0","-1"
1780434752,"13","2","5","boss","wlk_drain_life","Warlock","1","15","enemy","2","0","0","0","-1"
1780434753,"13","2","5","boss","wlk_shadow_bolt","Warlock","1","15","enemy","2","0","0","0","-1"
1780489015,"1","0","1","normal","rng_trap","Ranger","1","1","enemy","0","0","0","0","-1"
1780489017,"1","0","1","normal","mag_scorch","Mage","0","1","enemy","0","0","0","0","-1"
1780489020,"1","0","1","normal","mag_frostbolt","Mage","1","1","enemy","0","0","0","0","-1"
1780489023,"1","0","1","normal","mag_fireball","Mage","2","1","enemy","0","0","0","0","-1"
1780495466,"1","0","1","normal","rng_aim","Ranger","2","1","enemy","0","0","0","0","-1"
1780495467,"1","0","1","normal","rng_multishot","Ranger","1","1","all_enemies","0","0","0","-1","-1"
1780495469,"1","0","1","normal","mag_missiles","Mage","1","1","enemy","0","0","0","0","-1"
1780495485,"1","0","1","normal","rng_snipe","Ranger","3","1","enemy","0","0","0","0","-1"
1780495487,"1","0","1","normal","rog_backstab","Rogue","1","1","enemy","0","0","0","0","-1"
1780495503,"1","0","1","normal","rog_kick","Rogue","1","1","enemy","0","0","0","0","-1"
1780495506,"1","0","1","normal","rng_aim","Ranger","2","1","enemy","0","0","0","1","-1"
1780495508,"1","0","1","normal","mag_fireball","Mage","2","1","enemy","0","0","0","1","-1"
1780495510,"1","0","1","normal","mag_missiles","Mage","1","1","enemy","0","0","0","1","-1"
1780495514,"1","0","1","normal","rng_multishot","Ranger","1","2","all_enemies","0","0","0","-1","-1"
1780495516,"1","0","1","normal","mag_frostbolt","Mage","1","2","enemy","0","0","0","0","-1"
1780495518,"1","0","1","normal","mag_scorch","Mage","0","2","enemy","0","0","0","0","-1"
1780495523,"1","0","1","normal","mag_scorch","Mage","0","3","enemy","0","0","0","0","-1"
1780495526,"1","0","1","normal","rng_aim","Ranger","2","3","enemy","0","0","0","0","-1"
1780495544,"1","0","1","normal","rog_shadow","Rogue","3","1","enemy","0","0","0","0","-1"
1780495546,"1","0","1","normal","rng_shot","Ranger","1","1","enemy","0","0","0","0","-1"
1780495560,"1","0","1","boss","rog_kick","Rogue","1","1","enemy","0","0","0","1","-1"
1780495563,"1","0","1","boss","mag_fireball","Mage","2","1","enemy","0","0","0","0","-1"
1780495573,"1","0","1","boss","rng_snipe","Ranger","3","1","enemy","0","0","0","0","-1"
1780495583,"1","0","1","boss","rog_poison","Rogue","1","2","enemy","0","0","0","1","-1"
1780495586,"1","0","1","boss","mag_missiles","Mage","1","2","enemy","0","0","0","1","-1"
1780495589,"1","0","1","boss","rng_trap","Ranger","1","2","enemy","0","0","0","0","-1"
1780495599,"1","0","1","boss","rog_backstab","Rogue","1","3","enemy","0","0","0","0","-1"
1780495601,"1","0","1","boss","mag_frostbolt","Mage","1","3","enemy","0","0","0","0","-1"
1780495604,"1","0","1","boss","rng_shot","Ranger","1","3","enemy","0","0","0","0","-1"
1780495608,"1","0","1","boss","rng_trap","Ranger","1","3","enemy","0","0","0","0","-1"
1780495614,"1","0","1","boss","rog_kick","Rogue","1","4","enemy","0","0","0","0","-1"
1780495616,"1","0","1","boss","util_rejuv","Unknown","1","4","all_allies","0","0","0","-1","-1"
1780495618,"1","0","1","boss","mag_missiles","Mage","1","4","enemy","0","0","0","0","-1"
1780495621,"1","0","1","boss","mag_scorch","Mage","0","4","enemy","0","0","0","0","-1"
1780495629,"1","0","1","boss","rng_aim","Ranger","2","5","enemy","0","0","0","0","-1"
1780504900,"1","0","1","normal","grd_provoke","Guardian","0","1","self","0","0","0","-1","-1"
1780504901,"1","0","1","normal","shm_heal_totem","Shaman","1","1","self","0","0","0","-1","-1"
1780504904,"1","0","1","normal","grd_provoke","Guardian","0","2","self","0","0","0","-1","-1"
1780504906,"1","0","1","normal","shm_silence","Shaman","1","2","enemy","0","0","0","0","-1"
1780504907,"1","0","1","normal","grd_stance","Guardian","1","2","self","0","0","0","-1","-1"
1780504910,"1","0","1","normal","grd_taunt","Guardian","1","3","self","0","0","0","-1","-1"
1780504912,"1","0","1","normal","shm_heal_totem","Shaman","1","3","self","0","0","0","-1","-1"
1780504923,"1","0","1","normal","clr_renew","Cleric","1","4","ally","0","0","0","-1","2"
1780504927,"1","0","1","normal","clr_flash","Cleric","2","4","ally","0","0","0","-1","1"
1780504931,"1","0","1","normal","clr_heal","Cleric","1","4","ally","0","0","0","-1","2"
1780504948,"1","0","1","normal","grd_taunt","Guardian","1","14","self","0","0","0","-1","-1"
1780504951,"1","0","1","normal","clr_renew","Cleric","1","14","ally","0","0","0","-1","1"
1780504952,"1","0","1","normal","grd_stance","Guardian","1","14","self","0","0","0","-1","-1"
1780504953,"1","0","1","normal","grd_provoke","Guardian","0","14","self","0","0","0","-1","-1"
1780504962,"1","0","1","normal","shm_silence","Shaman","1","15","enemy","0","0","0","0","-1"
1780504963,"1","0","1","normal","shm_heal_totem","Shaman","1","15","self","0","0","0","-1","-1"
1780504968,"1","0","1","normal","grd_stance","Guardian","1","16","self","0","0","0","-1","-1"
1780504972,"1","0","1","normal","clr_heal","Cleric","1","16","ally","0","0","0","-1","0"
1780504975,"1","0","1","normal","clr_flash","Cleric","2","16","ally","0","0","0","-1","2"
1780504978,"1","0","1","normal","clr_renew","Cleric","1","16","ally","0","0","0","-1","1"
1780504983,"1","0","1","normal","shm_heal_totem","Shaman","1","17","self","0","0","0","-1","-1"
1780504984,"1","0","1","normal","grd_taunt","Guardian","1","17","self","0","0","0","-1","-1"
1780504985,"1","0","1","normal","grd_provoke","Guardian","0","17","self","0","0","0","-1","-1"
1780504987,"1","0","1","normal","shm_silence","Shaman","1","17","enemy","0","0","0","0","-1"
1780504992,"1","0","1","normal","grd_taunt","Guardian","1","18","self","0","0","0","-1","-1"
1780504995,"1","0","1","normal","clr_heal","Cleric","1","18","ally","0","0","0","-1","1"
1780505004,"1","0","1","normal","grd_stance","Guardian","1","19","self","0","0","0","-1","-1"
1780505006,"1","0","1","normal","shm_heal_totem","Shaman","1","19","self","0","0","0","-1","-1"
1780505007,"1","0","1","normal","grd_provoke","Guardian","0","19","self","0","0","0","-1","-1"
1780505009,"1","0","1","normal","shm_silence","Shaman","1","19","enemy","0","0","0","0","-1"
1780505015,"1","0","1","normal","grd_provoke","Guardian","0","20","self","0","0","0","-1","-1"
1780505018,"1","0","1","normal","clr_renew","Cleric","1","20","ally","0","0","0","-1","2"
1780505023,"1","0","1","normal","clr_flash","Cleric","2","20","ally","0","0","0","-1","2"
1780505025,"1","0","1","normal","grd_stance","Guardian","1","20","self","0","0","0","-1","-1"
1780505031,"1","0","1","normal","clr_heal","Cleric","1","21","ally","0","0","0","-1","1"
1780505032,"1","0","1","normal","grd_taunt","Guardian","1","21","self","0","0","0","-1","-1"
1780505033,"1","0","1","normal","shm_heal_totem","Shaman","1","21","self","0","0","0","-1","-1"
1780507249,"1","0","1","normal","rng_trap","Ranger","1","1","enemy","0","0","0","0","-1"
1780507251,"1","0","1","normal","mag_frostbolt","Mage","1","1","enemy","0","0","0","0","-1"
1780507253,"1","0","1","normal","rng_aim","Ranger","2","1","enemy","0","0","0","0","-1"
1780507263,"1","0","1","elite","mag_meteor","Mage","4","1","all_enemies","0","0","0","-1","-1"
1780507266,"1","0","1","elite","mag_scorch","Mage","0","1","enemy","0","0","0","1","-1"
1780507273,"1","0","1","elite","mag_missiles","Mage","1","1","enemy","0","0","0","0","-1"
1780507275,"1","0","1","elite","clr_heal","Cleric","1","1","ally","0","0","0","-1","2"
1780507283,"1","0","1","elite","clr_flash","Cleric","2","2","ally","0","0","0","-1","0"
1780507288,"1","0","1","elite","mag_frostbolt","Mage","1","2","enemy","0","0","0","0","-1"
1780507314,"1","0","1","normal","mag_meteor","Mage","4","1","all_enemies","0","0","0","-1","-1"
1780507317,"1","0","1","normal","rng_multishot","Ranger","1","1","all_enemies","0","0","0","-1","-1"
1780507320,"1","0","1","normal","clr_smite","Cleric","1","1","enemy","0","0","0","0","-1"
1780507327,"1","0","1","normal","clr_renew","Cleric","1","2","ally","0","0","0","-1","1"
1780507330,"1","0","1","normal","clr_smite","Cleric","1","2","enemy","0","0","0","0","-1"
1780540874,"1","0","1","normal","clr_smite","Cleric","1","1","enemy","0","0","0","0","-1"
1780540875,"1","0","1","normal","rng_aim","Ranger","2","1","enemy","0","0","0","0","-1"
1780540875,"1","0","1","normal","mag_missiles","Mage","1","1","enemy","0","0","0","0","-1"
1780540888,"1","0","1","normal","rng_trap","Ranger","1","1","enemy","0","0","0","1","-1"
1780540891,"1","0","1","normal","mag_scorch","Mage","0","1","enemy","0","0","0","0","-1"
1780540891,"1","0","1","normal","mag_fireball","Mage","2","1","enemy","0","0","0","0","-1"
1780540892,"1","0","1","normal","rng_aim","Ranger","2","1","enemy","0","0","0","0","-1"
1780540898,"1","0","1","normal","rng_multishot","Ranger","1","2","all_enemies","0","0","0","-1","-1"
1780540901,"1","0","1","normal","rng_aim","Ranger","2","2","enemy","0","0","0","1","-1"
1780540901,"1","0","1","normal","mag_missiles","Mage","1","2","enemy","0","0","0","1","-1"
1780540912,"1","0","1","elite","mag_scorch","Mage","0","1","enemy","0","0","0","0","-1"
1780540913,"1","0","1","elite","mag_frostbolt","Mage","1","1","enemy","0","0","0","0","-1"
1780540914,"1","0","1","elite","rng_aim","Ranger","2","1","enemy","0","0","0","0","-1"
1780540920,"1","0","1","elite","clr_smite","Cleric","1","2","enemy","0","0","0","0","-1"
1780540921,"1","0","1","elite","rng_multishot","Ranger","1","2","all_enemies","0","0","0","-1","-1"
1780540926,"1","0","1","elite","rng_aim","Ranger","2","2","enemy","0","0","0","1","-1"
1780540926,"1","0","1","elite","rng_aim","Ranger","2","2","enemy","0","0","0","1","-1"
1780540930,"1","0","1","elite","clr_renew","Cleric","1","3","ally","0","0","0","-1","1"
1780540932,"1","0","1","elite","clr_heal","Cleric","1","3","ally","0","0","0","-1","1"
1780540933,"1","0","1","elite","rng_trap","Ranger","1","3","enemy","0","0","0","0","-1"
1780540934,"1","0","1","elite","mag_scorch","Mage","0","3","enemy","0","0","0","0","-1"
1780540938,"1","0","1","elite","clr_flash","Cleric","2","4","ally","0","0","0","-1","0"
1780540939,"1","0","1","elite","rng_trap","Ranger","1","4","enemy","0","0","0","0","-1"
1780540945,"1","0","1","elite","clr_heal","Cleric","1","5","ally","0","0","0","-1","2"
1780540948,"1","0","1","elite","clr_smite","Cleric","1","5","enemy","0","0","0","0","-1"
1780540950,"1","0","1","elite","mag_scorch","Mage","0","5","enemy","0","0","0","0","-1"
1780540954,"1","0","1","elite","rng_trap","Ranger","1","6","enemy","0","0","0","0","-1"
1780540955,"1","0","1","elite","clr_renew","Cleric","1","6","ally","0","0","0","-1","2"
1780540961,"1","0","1","elite","clr_heal","Cleric","1","7","ally","0","0","0","-1","0"
1780540963,"1","0","1","elite","clr_smite","Cleric","1","7","enemy","0","0","0","0","-1"
1780540967,"1","0","1","elite","clr_flash","Cleric","2","7","ally","0","0","0","-1","2"
1780540971,"1","0","1","elite","clr_heal","Cleric","1","8","ally","0","0","0","-1","1"
1780540974,"1","0","1","elite","rng_multishot","Ranger","1","8","all_enemies","0","0","0","-1","-1"
1780540978,"1","0","1","elite","clr_smite","Cleric","1","9","enemy","0","0","0","0","-1"
1780540980,"1","0","1","elite","clr_renew","Cleric","1","9","ally","0","0","0","-1","0"
1780540981,"1","0","1","elite","rng_trap","Ranger","1","9","enemy","0","0","0","0","-1"
1780540986,"1","0","1","elite","clr_flash","Cleric","2","10","ally","0","0","0","-1","2"
1780540991,"1","0","1","elite","clr_heal","Cleric","1","11","ally","0","0","0","-1","1"
1780540992,"1","0","1","elite","rng_trap","Ranger","1","11","enemy","0","0","0","0","-1"
1780540994,"1","0","1","elite","rng_aim","Ranger","2","11","enemy","0","0","0","0","-1"
1780567450,"1","0","1","normal","mag_scorch","Mage","0","1","enemy","0","0","0","0","-1"
1780567450,"1","0","1","normal","mag_frostbolt","Mage","1","1","enemy","0","0","0","0","-1"
1780567451,"1","0","1","normal","rng_shot","Ranger","1","1","enemy","0","0","0","0","-1"
1780567452,"1","0","1","normal","rng_trap","Ranger","1","1","enemy","0","0","0","0","-1"
1780567453,"1","0","1","normal","clr_flash","Cleric","2","1","ally","0","0","0","-1","1"
1780567457,"1","0","1","normal","clr_heal","Cleric","1","2","ally","0","0","0","-1","2"
1780567458,"1","0","1","normal","rng_trap","Ranger","1","2","enemy","0","0","0","0","-1"
1780567460,"1","0","1","normal","clr_smite","Cleric","1","2","enemy","0","0","0","0","-1"
1780567497,"1","0","1","normal","rng_trap","Ranger","1","1","enemy","0","0","0","0","-1"
1780567499,"1","0","1","normal","clr_renew","Cleric","1","1","ally","0","0","0","-1","2"
1780567500,"1","0","1","normal","mag_frostbolt","Mage","1","1","enemy","0","0","0","0","-1"
1780567501,"1","0","1","normal","rng_aim","Ranger","2","1","enemy","0","0","0","0","-1"
1780567524,"1","0","1","normal","mag_missiles","Mage","1","1","enemy","0","0","0","0","-1"
1780567524,"1","0","1","normal","mag_frostbolt","Mage","1","1","enemy","0","0","0","0","-1"
1780567525,"1","0","1","normal","rng_multishot","Ranger","1","1","all_enemies","0","0","0","-1","-1"
1780567526,"1","0","1","normal","clr_heal","Cleric","1","1","ally","0","0","0","-1","1"
1780567527,"1","0","1","normal","mag_fireball","Mage","2","1","enemy","0","0","0","0","-1"
1780567531,"1","0","1","normal","clr_heal","Cleric","1","2","ally","0","0","0","-1","2"
1780567533,"1","0","1","normal","rng_trap","Ranger","1","2","enemy","0","0","0","0","-1"
1780567535,"1","0","1","normal","rng_shot","Ranger","1","2","enemy","0","0","0","0","-1"
1780567550,"1","0","1","normal","clr_renew","Cleric","1","1","ally","0","0","0","-1","0"
1780567552,"1","0","1","normal","mag_pyro","Mage","3","1","enemy","0","1","0","1","-1"
1780567554,"1","0","1","normal","rng_shot","Ranger","1","1","enemy","0","0","0","0","-1"
1780567554,"1","0","1","normal","mag_missiles","Mage","1","1","enemy","0","0","0","0","-1"
1780567557,"1","0","1","normal","mag_scorch","Mage","0","2","enemy","0","0","0","0","-1"
1780567557,"1","0","1","normal","rng_trap","Ranger","1","2","enemy","0","0","0","0","-1"
1780567559,"1","0","1","normal","clr_smite","Cleric","1","2","enemy","0","0","0","0","-1"
1780567560,"1","0","1","normal","mag_missiles","Mage","1","2","enemy","0","0","0","0","-1"
1780567564,"1","0","1","normal","clr_renew","Cleric","1","3","ally","0","0","0","-1","1"
1780567565,"1","0","1","normal","clr_heal","Cleric","1","3","ally","0","0","0","-1","1"
1780567566,"1","0","1","normal","rng_shot","Ranger","1","3","enemy","0","0","0","0","-1"
1780567574,"1","0","1","normal","mag_scorch","Mage","0","1","enemy","0","0","0","0","-1"
1780567577,"1","0","1","normal","rng_heal","Ranger","1","1","enemy","0","0","0","0","-1"
1780567579,"1","0","1","normal","mag_missiles","Mage","1","1","enemy","0","0","0","0","-1"
1780567580,"1","0","1","normal","rng_multishot","Ranger","1","1","all_enemies","0","0","0","-1","-1"
1780567585,"1","0","1","normal","clr_renew","Cleric","1","1","ally","0","0","0","-1","0"
1780567589,"1","0","1","normal","mag_scorch","Mage","0","2","enemy","0","0","0","0","-1"
1780567592,"1","0","1","normal","clr_heal","Cleric","1","2","ally","0","0","0","-1","2"
1780567593,"1","0","1","normal","clr_smite","Cleric","1","2","enemy","0","0","0","0","-1"
1780567594,"1","0","1","normal","mag_frostbolt","Mage","1","2","enemy","0","0","0","0","-1"
1780567604,"1","0","1","boss","mag_scorch","Mage","0","1","enemy","0","0","0","1","-1"
1780567606,"1","0","1","boss","mag_pyro","Mage","3","1","enemy","0","1","0","1","-1"
1780567607,"1","0","1","boss","clr_smite","Cleric","1","1","enemy","0","0","0","0","-1"
1780567615,"1","0","1","boss","rng_heal","Ranger","1","2","enemy","0","0","0","0","-1"
1780567615,"1","0","1","boss","rng_shot","Ranger","1","2","enemy","0","0","0","0","-1"
1780567616,"1","0","1","boss","mag_missiles","Mage","1","2","enemy","0","0","0","0","-1"
1780567617,"1","0","1","boss","mag_fireball","Mage","2","2","enemy","0","0","0","0","-1"
1780567620,"1","0","1","boss","rng_aim","Ranger","2","3","enemy","0","0","0","0","-1"
1780567621,"1","0","1","boss","clr_smite","Cleric","1","3","enemy","0","0","0","0","-1"
1780567621,"1","0","1","boss","mag_scorch","Mage","0","3","enemy","0","0","0","0","-1"
1780567625,"1","0","1","boss","rng_trap","Ranger","1","4","enemy","0","0","0","0","-1"
1780567626,"1","0","1","boss","mag_scorch","Mage","0","4","enemy","0","0","0","0","-1"
1780567627,"1","0","1","boss","clr_renew","Cleric","1","4","ally","0","0","0","-1","1"
1780567628,"1","0","1","boss","mag_frostbolt","Mage","1","4","enemy","0","0","0","0","-1"
1780567631,"1","0","1","boss","rng_heal","Ranger","1","5","enemy","0","0","0","0","-1"
1780567633,"1","0","1","boss","clr_heal","Cleric","1","5","ally","0","0","0","-1","1"
1780567635,"1","0","1","boss","mag_missiles","Mage","1","5","enemy","0","0","0","0","-1"
1780567639,"1","0","1","boss","mag_scorch","Mage","0","6","enemy","0","0","0","0","-1"
1780567640,"1","0","1","boss","clr_smite","Cleric","1","6","enemy","0","0","0","0","-1"
1780567640,"1","0","1","boss","rng_trap","Ranger","1","6","enemy","0","0","0","0","-1"
1780567641,"1","0","1","boss","rng_shot","Ranger","1","6","enemy","0","0","0","0","-1"
1780567658,"1","0","1","boss","mag_missiles","Mage","1","7","enemy","0","0","0","0","-1"
1780567664,"1","0","1","boss","rng_heal","Ranger","1","7","enemy","0","0","0","0","-1"
1780567665,"1","0","1","boss","mag_frostbolt","Mage","1","7","enemy","0","0","0","0","-1"
1780567736,"1","0","2","normal","rng_trap","Ranger","1","1","enemy","0","0","0","1","-1"
1780567736,"1","0","2","normal","rng_multishot","Ranger","1","1","all_enemies","0","0","0","-1","-1"
1780567737,"1","0","2","normal","rng_heal","Ranger","1","1","enemy","1","0","0","1","-1"
1780567738,"1","0","2","normal","mag_fireball","Mage","2","1","enemy","0","0","0","1","-1"
1780567740,"1","0","2","normal","rng_heal","Ranger","1","1","enemy","0","0","0","0","-1"
1780567744,"1","0","2","normal","rng_barrage","Ranger","2","2","enemy","1","0","0","0","-1"
1780567746,"1","0","2","normal","rng_multishot","Ranger","1","2","all_enemies","0","0","0","-1","-1"
1780567748,"1","0","2","normal","rng_heal","Ranger","1","3","enemy","0","0","0","0","-1"
1780567749,"1","0","2","normal","rng_heal","Ranger","1","3","enemy","1","0","0","0","-1"
1780567783,"1","0","2","normal","rng_barrage","Ranger","2","1","enemy","1","0","0","2","-1"
1780567792,"1","0","2","normal","rng_heal","Ranger","1","1","enemy","1","0","0","2","-1"
1780567814,"1","0","2","normal","rng_aim","Ranger","2","1","enemy","0","0","0","0","-1"
1780567815,"1","0","2","normal","clr_renew","Cleric","1","1","ally","0","0","0","-1","1"
1780567819,"1","0","2","normal","mag_scorch","Mage","0","2","enemy","0","0","0","2","-1"
1780567824,"1","0","2","normal","clr_smite","Cleric","1","2","enemy","0","0","0","0","-1"
1780567826,"1","0","2","normal","mag_missiles","Mage","1","2","enemy","0","0","0","0","-1"
1780567827,"1","0","2","normal","rng_heal","Ranger","1","2","enemy","0","0","0","1","-1"
1780567831,"1","0","2","normal","rng_heal","Ranger","1","3","enemy","1","0","0","1","-1"
1780567832,"1","0","2","normal","mag_missiles","Mage","1","3","enemy","0","0","0","1","-1"
1780567834,"1","0","2","normal","rng_heal","Ranger","1","3","enemy","0","0","0","1","-1"
1780567884,"1","0","2","normal","rng_multishot","Ranger","1","1","all_enemies","0","0","0","-1","-1"
1780567887,"1","0","2","normal","rng_heal","Ranger","1","1","enemy","1","0","0","1","-1"
1780567891,"1","0","2","normal","mag_fireball","Mage","2","1","enemy","0","0","0","1","-1"
1780567896,"1","0","2","normal","clr_heal","Cleric","1","1","ally","0","0","0","-1","0"
1780567901,"1","0","2","normal","rng_barrage","Ranger","2","2","enemy","1","0","0","0","-1"
1780567905,"1","0","2","normal","rng_aim","Ranger","2","2","enemy","0","0","0","1","-1"
1780567906,"1","0","2","normal","mag_scorch","Mage","0","2","enemy","0","0","0","0","-1"
1780567908,"1","0","2","normal","rng_heal","Ranger","1","3","enemy","1","0","0","0","-1"
1780567909,"1","0","2","normal","rng_trap","Ranger","1","3","enemy","0","0","0","0","-1"
1780567910,"1","0","2","normal","clr_smite","Cleric","1","3","enemy","0","0","0","0","-1"
1780567922,"1","0","2","normal","rng_heal","Ranger","1","1","enemy","1","0","0","1","-1"
1780567923,"1","0","2","normal","rng_heal","Ranger","1","1","enemy","0","0","0","1","-1"
1780567924,"1","0","2","normal","rng_multishot","Ranger","1","1","all_enemies","0","0","0","-1","-1"
1780567925,"1","0","2","normal","mag_scorch","Mage","0","1","enemy","0","0","0","1","-1"
1780567928,"1","0","2","normal","rng_trap","Ranger","1","1","enemy","0","0","0","0","-1"
1780567929,"1","0","2","normal","clr_smite","Cleric","1","1","enemy","0","0","0","1","-1"
1780567931,"1","0","2","normal","rng_heal","Ranger","1","1","enemy","0","0","0","1","-1"
1780567935,"1","0","2","normal","mag_scorch","Mage","0","2","enemy","0","0","0","1","-1"
1780567952,"1","0","2","normal","mag_missiles","Mage","1","2","enemy","0","0","0","0","-1"
1780567956,"1","0","2","normal","clr_renew","Cleric","1","2","ally","0","0","0","-1","0"
1780567959,"1","0","2","normal","mag_scorch","Mage","0","3","enemy","0","0","0","0","-1"
1780567960,"1","0","2","normal","mag_scorch","Mage","0","3","enemy","0","0","0","0","-1"
1780567961,"1","0","2","normal","clr_smite","Cleric","1","3","enemy","0","0","0","0","-1"
1780567962,"1","0","2","normal","rng_heal","Ranger","1","3","enemy","0","0","0","0","-1"
1780567963,"1","0","2","normal","rng_aim","Ranger","2","3","enemy","0","0","0","0","-1"
1780567966,"1","0","2","normal","rng_trap","Ranger","1","4","enemy","0","0","0","0","-1"
1780567972,"1","0","2","normal","rng_heal","Ranger","1","4","enemy","1","0","0","0","-1"
1780567988,"1","0","2","normal","rng_barrage","Ranger","2","1","enemy","1","0","0","2","-1"
1780568003,"1","0","2","normal","mag_fireball","Mage","2","1","enemy","0","0","0","1","-1"
1780568004,"1","0","2","normal","mag_missiles","Mage","1","1","enemy","0","0","0","1","-1"
1780568005,"1","0","2","normal","rng_heal","Ranger","1","1","enemy","1","0","0","1","-1"
1780568008,"1","0","2","normal","rng_trap","Ranger","1","2","enemy","0","0","0","0","-1"
1780568012,"1","0","2","normal","rng_multishot","Ranger","1","2","all_enemies","0","0","0","-1","-1"
1780568013,"1","0","2","normal","clr_smite","Cleric","1","2","enemy","0","0","0","0","-1"
1780568016,"1","0","2","normal","mag_scorch","Mage","0","3","enemy","0","0","0","0","-1"
1780568018,"1","0","2","normal","clr_renew","Cleric","1","3","ally","0","0","0","-1","2"
1780568021,"1","0","2","normal","rng_heal","Ranger","1","3","enemy","0","0","0","0","-1"
1780568021,"1","0","2","normal","rng_multishot","Ranger","1","3","all_enemies","0","0","0","-1","-1"
1780568024,"1","0","2","normal","rng_barrage","Ranger","2","4","enemy","1","0","0","0","-1"
1780568034,"1","0","2","boss","mag_meteor","Mage","4","1","all_enemies","0","0","0","-1","-1"
1780568036,"1","0","2","boss","rng_multishot","Ranger","1","1","all_enemies","0","0","0","-1","-1"
1780568039,"1","0","2","boss","clr_smite","Cleric","1","1","enemy","0","0","0","1","-1"
1780568044,"1","0","2","boss","mag_pyro","Mage","3","2","enemy","0","1","0","1","-1"
1780568046,"1","0","2","boss","mag_scorch","Mage","0","2","enemy","0","0","0","0","-1"
1780568049,"1","0","2","boss","rng_heal","Ranger","1","3","enemy","0","0","0","0","-1"
1780568050,"1","0","2","boss","rng_heal","Ranger","1","3","enemy","1","0","0","0","-1"
1780568051,"1","0","2","boss","clr_heal","Cleric","1","3","ally","0","0","0","-1","2"
1780568056,"1","0","2","boss","rng_trap","Ranger","1","4","enemy","0","0","0","0","-1"
1780568057,"1","0","2","boss","clr_renew","Cleric","1","4","ally","0","0","0","-1","0"
1780568059,"1","0","2","boss","mag_missiles","Mage","1","4","enemy","0","0","0","0","-1"
1780568063,"1","0","2","boss","rng_barrage","Ranger","2","5","enemy","1","0","0","0","-1"
1780568161,"1","0","3","normal","mag_meteor","Mage","4","1","all_enemies","0","0","0","-1","-1"
1780568163,"1","0","3","normal","rng_multishot","Ranger","1","1","all_enemies","0","0","0","-1","-1"
1780568168,"1","0","3","normal","mag_scorch","Mage","0","1","enemy","0","0","0","1","-1"
1780568170,"1","0","3","normal","clr_smite","Cleric","1","1","enemy","0","0","0","0","-1"
1780568176,"1","0","3","normal","rng_multishot","Ranger","1","2","all_enemies","0","0","0","-1","-1"
1780568183,"1","0","3","normal","mag_missiles","Mage","1","2","enemy","0","0","0","1","-1"
1780568185,"1","0","3","normal","rng_heal","Ranger","1","2","enemy","0","0","0","0","-1"
1780568192,"1","0","3","normal","rng_heal","Ranger","1","3","enemy","0","0","0","0","-1"
1780568193,"1","0","3","normal","rng_heal","Ranger","1","3","enemy","1","0","0","0","-1"
1780568218,"1","0","3","normal","mag_meteor","Mage","4","1","all_enemies","0","0","0","-1","-1"
1780568222,"1","0","3","normal","rng_barrage","Ranger","2","1","enemy","1","0","0","1","-1"
1780568225,"1","0","3","normal","rng_heal","Ranger","1","2","enemy","1","0","0","0","-1"
1780568226,"1","0","3","normal","clr_renew","Cleric","1","2","ally","0","0","0","-1","1"
1780568228,"1","0","3","normal","mag_scorch","Mage","0","2","enemy","0","0","0","0","-1"
1780568229,"1","0","3","normal","mag_scorch","Mage","0","2","enemy","0","0","0","0","-1"
1780568236,"1","0","3","normal","rng_trap","Ranger","1","1","enemy","0","0","0","1","-1"
1780568239,"1","0","3","normal","rng_multishot","Ranger","1","1","all_enemies","0","0","0","-1","-1"
1780568240,"1","0","3","normal","mag_scorch","Mage","0","1","enemy","0","0","0","1","-1"
1780568241,"1","0","3","normal","rng_heal","Ranger","1","1","enemy","1","0","0","1","-1"
1780568243,"1","0","3","normal","clr_renew","Cleric","1","1","ally","0","0","0","-1","0"
1780568244,"1","0","3","normal","curse_doubt","Unknown","1","1","self","0","0","0","-1","-1"
1780568251,"1","0","3","normal","mag_meteor","Mage","4","2","all_enemies","0","0","0","-1","-1"
1780568254,"1","0","3","normal","mag_scorch","Mage","0","2","enemy","0","0","0","0","-1"
1780568265,"1","0","3","normal","mag_scorch","Mage","0","3","enemy","0","0","0","0","-1"
1780568267,"1","0","3","normal","mag_scorch","Mage","0","3","enemy","0","0","0","0","-1"
1780568270,"1","0","3","normal","clr_heal","Cleric","1","3","ally","0","0","0","-1","0"
1780568271,"1","0","3","normal","clr_smite","Cleric","1","3","enemy","0","0","0","1","-1"
1780568286,"1","0","3","normal","mag_scorch","Mage","0","1","enemy","0","0","0","1","-1"
1780568286,"1","0","3","normal","rng_multishot","Ranger","1","1","all_enemies","0","0","0","-1","-1"
1780568288,"1","0","3","normal","rng_heal","Ranger","1","1","enemy","0","0","0","1","-1"
1780568291,"1","0","3","normal","util_rejuv","Unknown","1","1","all_allies","0","0","0","-1","-1"
1780568293,"1","0","3","normal","rng_heal","Ranger","1","1","enemy","1","0","0","1","-1"
1780568297,"1","0","3","normal","rng_barrage","Ranger","2","1","enemy","1","0","0","0","-1"
1780568302,"1","0","3","normal","mag_scorch","Mage","0","2","enemy","0","0","0","1","-1"
1780568304,"1","0","3","normal","mag_scorch","Mage","0","2","enemy","0","0","0","1","-1"
1780568305,"1","0","3","normal","mag_pyro","Mage","3","2","enemy","1","1","0","0","-1"
1780568312,"1","0","3","normal","rng_heal","Ranger","1","3","enemy","0","0","0","1","-1"
1780568313,"1","0","3","normal","rng_heal","Ranger","1","3","enemy","0","0","0","1","-1"
1780568314,"1","0","3","normal","mag_missiles","Mage","1","3","enemy","0","0","0","1","-1"
1780568323,"1","0","3","normal","clr_renew","Cleric","1","1","ally","0","0","0","-1","1"
1780568326,"1","0","3","normal","mag_scorch","Mage","0","1","enemy","0","0","0","1","-1"
1780568329,"1","0","3","normal","rng_heal","Ranger","1","1","enemy","0","0","0","1","-1"
1780568330,"1","0","3","normal","rng_barrage","Ranger","2","1","enemy","1","0","0","1","-1"
1780568333,"1","0","3","normal","rng_multishot","Ranger","1","2","all_enemies","0","0","0","-1","-1"
1780568339,"1","0","3","normal","mag_meteor","Mage","4","2","all_enemies","0","0","0","-1","-1"
1780568341,"1","0","3","normal","mag_scorch","Mage","0","2","enemy","0","0","0","0","-1"
1780568341,"1","0","3","normal","mag_scorch","Mage","0","2","enemy","0","0","0","0","-1"
1780568347,"1","0","3","normal","rng_snipe","Ranger","3","3","enemy","1","0","0","0","-1"
1780568356,"1","0","3","normal","rng_rain","Ranger","4","1","all_enemies","0","0","0","-1","-1"
1780568359,"1","0","3","normal","rng_multishot","Ranger","1","1","all_enemies","0","0","0","-1","-1"
1780568368,"1","0","3","normal","clr_smite","Cleric","1","1","enemy","0","0","0","1","-1"
1780568369,"1","0","3","normal","mag_scorch","Mage","0","1","enemy","0","0","0","1","-1"
1780568373,"1","0","3","normal","util_rejuv","Unknown","1","2","all_allies","0","0","0","-1","-1"
1780568375,"1","0","3","normal","rng_multishot","Ranger","1","2","all_enemies","0","0","0","-1","-1"
1780568378,"1","0","3","normal","rng_heal","Ranger","1","2","enemy","1","0","0","0","-1"
1780568379,"1","0","3","normal","mag_scorch","Mage","0","2","enemy","0","0","0","1","-1"
1780568383,"1","0","3","normal","util_rejuv","Unknown","1","3","all_allies","0","0","0","-1","-1"
1780568386,"1","0","3","normal","mag_fireball","Mage","2","3","enemy","0","0","0","0","-1"
1780568387,"1","0","3","normal","mag_scorch","Mage","0","3","enemy","0","0","0","1","-1"
1780568393,"1","0","3","normal","rng_trap","Ranger","1","4","enemy","0","0","0","1","-1"
1780568394,"1","0","3","normal","mag_scorch","Mage","0","4","enemy","0","0","0","1","-1"
1780568395,"1","0","3","normal","mag_missiles","Mage","1","4","enemy","0","0","0","1","-1"
1780568406,"1","0","3","boss","mag_meteor","Mage","4","1","all_enemies","0","0","0","-1","-1"
1780568412,"1","0","3","boss","rng_aim","Ranger","2","1","enemy","0","0","0","0","-1"
1780568413,"1","0","3","boss","mag_scorch","Mage","0","1","enemy","0","0","0","1","-1"
1780568417,"1","0","3","boss","rng_multishot","Ranger","1","2","all_enemies","0","0","0","-1","-1"
1780568423,"1","0","3","boss","rng_heal","Ranger","1","2","enemy","1","0","0","1","-1"
1780568424,"1","0","3","boss","rng_heal","Ranger","1","2","enemy","0","0","0","1","-1"
1780568432,"1","0","3","boss","mag_scorch","Mage","0","3","enemy","0","0","0","1","-1"
1780568433,"1","0","3","boss","mag_scorch","Mage","0","3","enemy","0","0","0","1","-1"
1780568437,"1","0","3","boss","rng_trap","Ranger","1","3","enemy","0","0","0","0","-1"
1780568442,"1","0","3","boss","clr_smite","Cleric","1","3","enemy","0","0","0","1","-1"
1780568442,"1","0","3","boss","util_rejuv","Unknown","1","3","all_allies","0","0","0","-1","-1"
1780568449,"1","0","3","boss","mag_fireball","Mage","2","4","enemy","0","0","0","1","-1"
1780568450,"1","0","3","boss","mag_scorch","Mage","0","4","enemy","0","0","0","1","-1"
1780568453,"1","0","3","boss","clr_renew","Cleric","1","4","ally","0","0","0","-1","1"
1780568457,"1","0","3","boss","rng_heal","Ranger","1","5","enemy","1","0","0","0","-1"
1780568458,"1","0","3","boss","rng_aim","Ranger","2","5","enemy","0","0","0","0","-1"
1780568462,"1","0","3","boss","rng_heal","Ranger","1","6","enemy","0","0","0","0","-1"
1780568464,"1","0","3","boss","mag_missiles","Mage","1","6","enemy","0","0","0","0","-1"
1780568467,"1","0","3","boss","clr_heal","Cleric","1","6","ally","0","0","0","-1","1"
1780568472,"1","0","3","boss","util_rejuv","Unknown","1","7","all_allies","0","0","0","-1","-1"
1780568474,"1","0","3","boss","clr_smite","Cleric","1","7","enemy","0","0","0","0","-1"
1780568475,"1","0","3","boss","mag_scorch","Mage","0","7","enemy","0","0","0","0","-1"
1780568475,"1","0","3","boss","mag_scorch","Mage","0","7","enemy","0","0","0","0","-1"
1780568476,"1","0","3","boss","mag_missiles","Mage","1","7","enemy","0","0","0","0","-1"
1780568479,"1","0","3","boss","rng_heal","Ranger","1","8","enemy","0","0","0","0","-1"
1780568480,"1","0","3","boss","rng_heal","Ranger","1","8","enemy","0","0","0","0","-1"
1780568488,"1","0","3","boss","mag_scorch","Mage","0","9","enemy","0","0","0","0","-1"
1780568494,"1","0","3","boss","rng_barrage","Ranger","2","9","enemy","1","0","0","0","-1"
1780568494,"1","0","3","boss","mag_fireball","Mage","2","9","enemy","0","0","0","0","-1"
1780568498,"1","0","3","boss","rng_trap","Ranger","1","10","enemy","0","0","0","0","-1"
1780568500,"1","0","3","boss","clr_renew","Cleric","1","10","ally","0","0","0","-1","2"
1780568502,"1","0","3","boss","rng_heal","Ranger","1","10","enemy","1","0","0","0","-1"
1780568509,"1","0","3","boss","clr_smite","Cleric","1","11","enemy","0","0","0","0","-1"
1780573360,"2","1","1","normal","rog_kick","Rogue","1","1","enemy","0","0","0","0","-1"
1780573362,"2","1","1","normal","shm_fury","Shaman","1","1","enemy","0","0","0","0","-1"
1780573369,"2","1","1","normal","rog_stealth","Rogue","1","1","self","0","0","0","-1","-1"
1780573373,"2","1","1","normal","rog_kick","Rogue","1","2","enemy","0","0","0","0","-1"
1780573375,"2","1","1","normal","grd_provoke","Guardian","0","2","self","0","0","0","-1","-1"
1780573377,"2","1","1","normal","shm_lightning","Shaman","1","2","enemy","0","0","0","0","-1"
1780573378,"2","1","1","normal","grd_stance","Guardian","1","2","self","0","0","0","-1","-1"
1780573384,"2","1","1","normal","shm_heal_totem","Shaman","1","3","self","0","0","0","-1","-1"
1780573387,"2","1","1","normal","rog_poison","Rogue","1","3","enemy","0","0","0","0","-1"
1780573419,"2","1","1","normal","grd_provoke","Guardian","0","1","self","0","0","0","-1","-1"
1780573422,"2","1","1","normal","grd_stance","Guardian","1","1","self","0","0","0","-1","-1"
1780573426,"2","1","1","normal","rog_poison","Rogue","1","1","enemy","0","0","0","0","-1"
1780573427,"2","1","1","normal","shm_heal_totem","Shaman","1","1","self","0","0","0","-1","-1"
1780573435,"2","1","1","normal","grd_shield_slam","Guardian","1","2","enemy","0","0","0","0","-1"
1780573438,"2","1","1","normal","rog_kick","Rogue","1","2","enemy","0","0","0","0","-1"
1780573440,"2","1","1","normal","grd_taunt","Guardian","1","2","self","0","0","0","-1","-1"
1780573441,"2","1","1","normal","shm_fury","Shaman","1","2","enemy","0","0","0","1","-1"
1780573443,"2","1","1","normal","shm_lightning","Shaman","1","2","enemy","0","0","0","1","-1"
1780573447,"2","1","1","normal","grd_fortress","Guardian","4","3","all_allies","0","0","0","-1","-1"
1780573449,"2","1","1","normal","grd_provoke","Guardian","0","3","self","0","0","0","-1","-1"
1780573505,"2","1","1","normal","shm_silence","Shaman","1","4","enemy","0","0","0","0","-1"
1780573507,"2","1","1","normal","rog_poison","Rogue","1","4","enemy","0","0","0","1","-1"
1780573509,"2","1","1","normal","rog_backstab","Rogue","1","4","enemy","0","0","0","1","-1"
1780573514,"2","1","1","normal","grd_provoke","Guardian","0","5","self","0","0","0","-1","-1"
1780573517,"2","1","1","normal","grd_shield_slam","Guardian","1","5","enemy","0","0","0","1","-1"
1780573518,"2","1","1","normal","grd_taunt","Guardian","1","5","self","0","0","0","-1","-1"
1780573519,"2","1","1","normal","grd_stance","Guardian","1","5","self","0","0","0","-1","-1"
1780573526,"2","1","1","normal","shm_silence","Shaman","1","6","enemy","0","0","0","0","-1"
1780573529,"2","1","1","normal","rog_kick","Rogue","1","6","enemy","0","0","0","0","-1"
1780573533,"2","1","1","normal","shm_fury","Shaman","1","6","enemy","0","0","0","0","-1"
1780573538,"2","1","1","normal","grd_shield_slam","Guardian","1","7","enemy","0","0","0","0","-1"
1780573545,"2","1","1","normal","rog_poison","Rogue","1","7","enemy","0","0","0","0","-1"
1780573579,"2","1","1","normal","grd_shield_slam","Guardian","1","1","enemy","0","0","0","0","-1"
1780573580,"2","1","1","normal","rog_poison","Rogue","1","1","enemy","0","0","0","0","-1"
1780573582,"2","1","1","normal","rog_backstab","Rogue","1","1","enemy","0","0","0","0","-1"
1780573583,"2","1","1","normal","shm_fury","Shaman","1","1","enemy","0","0","0","0","-1"
1780573587,"2","1","1","normal","shm_heal_totem","Shaman","1","1","self","0","0","0","-1","-1"
1780573592,"2","1","1","normal","grd_stance","Guardian","1","2","self","0","0","0","-1","-1"
1780573594,"2","1","1","normal","grd_shield_slam","Guardian","1","2","enemy","0","0","0","0","-1"
1780573614,"2","1","1","normal","rog_assass","Rogue","4","1","enemy","0","0","0","1","-1"
1780573667,"2","1","1","normal","shm_lightning","Shaman","1","1","enemy","0","0","0","1","-1"
1780573669,"2","1","1","normal","rog_backstab","Rogue","1","1","enemy","0","0","0","0","-1"
1780573677,"2","1","1","normal","shm_lightning","Shaman","1","2","enemy","0","0","0","0","-1"
1780573683,"2","1","1","normal","rog_kick","Rogue","1","3","enemy","0","0","0","0","-1"
1780573686,"2","1","1","normal","grd_shield_slam","Guardian","1","3","enemy","0","0","0","0","-1"
1780573688,"2","1","1","normal","rog_backstab","Rogue","1","3","enemy","0","0","0","0","-1"
1780573699,"2","1","1","normal","rog_kick","Rogue","1","4","enemy","0","0","0","0","-1"
1780573701,"2","1","1","normal","rog_assass","Rogue","4","4","enemy","0","0","0","0","-1"
1780573724,"2","1","1","boss","shm_lightning","Shaman","1","1","enemy","0","0","0","1","-1"
1780573726,"2","1","1","boss","shm_fury","Shaman","1","1","enemy","0","0","0","1","-1"
1780573728,"2","1","1","boss","grd_shield_slam","Guardian","1","1","enemy","0","0","0","1","-1"
1780573734,"2","1","1","boss","shm_silence","Shaman","1","1","enemy","0","0","0","0","-1"
1780573742,"2","1","1","boss","rog_assass","Rogue","4","2","enemy","0","0","0","1","-1"
1780573748,"2","1","1","boss","rog_kick","Rogue","1","2","enemy","0","0","0","0","-1"
1780573753,"2","1","1","boss","shm_fury","Shaman","1","3","enemy","0","0","0","0","-1"
1780573755,"2","1","1","boss","rog_backstab","Rogue","1","3","enemy","0","0","0","0","-1"
1780573761,"2","1","1","boss","grd_taunt","Guardian","1","3","self","0","0","0","-1","-1"
1780573762,"2","1","1","boss","grd_provoke","Guardian","0","3","self","0","0","0","-1","-1"
1780573768,"2","1","1","boss","shm_lightning","Shaman","1","4","enemy","0","0","0","0","-1"
1780573769,"2","1","1","boss","grd_shield_slam","Guardian","1","4","enemy","0","0","0","0","-1"
1780573774,"2","1","1","boss","shm_silence","Shaman","1","4","enemy","0","0","0","0","-1"
1780573778,"2","1","1","boss","rog_poison","Rogue","1","5","enemy","0","0","0","0","-1"
1780573780,"2","1","1","boss","shm_fury","Shaman","1","5","enemy","0","0","0","0","-1"
1780573784,"2","1","1","boss","rog_assass","Rogue","4","6","enemy","0","0","0","0","-1"
1780573793,"2","1","1","boss","shm_heal_totem","Shaman","1","7","self","0","0","0","-1","-1"
1780573796,"2","1","1","boss","shm_lightning","Shaman","1","7","enemy","0","0","0","0","-1"
1780573904,"2","1","2","normal","grd_fortress","Guardian","4","1","all_allies","0","0","0","-1","-1"
1780573914,"2","1","2","normal","shm_silence","Shaman","1","1","enemy","0","0","0","1","-1"
1780573924,"2","1","2","normal","shm_fury","Shaman","1","2","enemy","1","0","0","1","-1"
1780573928,"2","1","2","normal","shm_fury","Shaman","1","2","enemy","0","0","0","1","-1"
1780573931,"2","1","2","normal","rog_poison","Rogue","1","2","enemy","0","0","0","1","-1"
1780573938,"2","1","2","normal","util_for","Unknown","1","2","all_allies","0","0","0","-1","-1"
1780573953,"2","1","2","normal","rog_kick","Rogue","1","3","enemy","0","0","0","1","-1"
1780573957,"2","1","2","normal","rog_backstab","Rogue","1","3","enemy","0","0","0","0","-1"
1780573959,"2","1","2","normal","grd_shield_slam","Guardian","1","3","enemy","0","0","0","0","-1"
1780573976,"2","1","2","normal","util_for","Unknown","1","4","all_allies","0","0","0","-1","-1"
1780573979,"2","1","2","normal","shm_silence","Shaman","1","4","enemy","0","0","0","0","-1"
1780573981,"2","1","2","normal","shm_lightning","Shaman","1","4","enemy","0","0","0","0","-1"
1780573989,"2","1","2","normal","grd_shield_slam","Guardian","1","5","enemy","0","0","0","0","-1"
1780573991,"2","1","2","normal","rog_kick","Rogue","1","5","enemy","0","0","0","0","-1"
1780573996,"2","1","2","normal","shm_heal_totem","Shaman","1","5","self","0","0","0","-1","-1"
1780574003,"2","1","2","normal","grd_stance","Guardian","1","6","self","0","0","0","-1","-1"
1780574010,"2","1","2","normal","shm_fury","Shaman","1","6","enemy","1","0","0","0","-1"
1780574024,"2","1","2","normal","rog_assass","Rogue","4","1","enemy","0","0","0","1","-1"
1780574027,"2","1","2","normal","shm_fury","Shaman","1","1","enemy","1","0","0","0","-1"
1780574030,"2","1","2","normal","rog_kick","Rogue","1","1","enemy","0","0","0","0","-1"
1780574043,"2","1","2","normal","grd_shield_slam","Guardian","1","2","enemy","0","0","0","0","-1"
1780574045,"2","1","2","normal","rog_poison","Rogue","1","2","enemy","0","0","0","0","-1"
1780574046,"2","1","2","normal","util_for","Unknown","1","2","all_allies","0","0","0","-1","-1"
1780574051,"2","1","2","normal","shm_fury","Shaman","1","3","enemy","1","0","0","0","-1"
1780574053,"2","1","2","normal","shm_fury","Shaman","1","3","enemy","0","0","0","0","-1"
1780574079,"2","1","2","elite","rog_assass","Rogue","4","1","enemy","0","0","0","0","-1"
1780574081,"2","1","2","elite","shm_fury","Shaman","1","1","enemy","1","0","0","0","-1"
1780574085,"2","1","2","elite","shm_silence","Shaman","1","1","enemy","0","0","0","0","-1"
1780574090,"2","1","2","elite","rog_kick","Rogue","1","2","enemy","0","0","0","1","-1"
1780574093,"2","1","2","elite","rog_poison","Rogue","1","2","enemy","0","0","0","0","-1"
1780574095,"2","1","2","elite","shm_lightning","Shaman","1","2","enemy","0","0","0","0","-1"
1780574102,"2","1","2","elite","shm_fury","Shaman","1","3","enemy","1","0","0","0","-1"
1780574105,"2","1","2","elite","rog_poison","Rogue","1","3","enemy","0","0","0","0","-1"
1780574107,"2","1","2","elite","shm_silence","Shaman","1","3","enemy","0","0","0","1","-1"
1780574116,"2","1","2","elite","rog_backstab","Rogue","1","4","enemy","0","0","0","0","-1"
1780574118,"2","1","2","elite","rog_kick","Rogue","1","4","enemy","0","0","0","0","-1"
1780574120,"2","1","2","elite","util_for","Unknown","1","4","all_allies","0","0","0","-1","-1"
1780574126,"2","1","2","elite","grd_shield_slam","Guardian","1","5","enemy","0","0","0","1","-1"
1780574129,"2","1","2","elite","grd_bash","Guardian","2","5","enemy","0","0","0","1","-1"
1780574134,"2","1","2","elite","rog_kick","Rogue","1","6","enemy","0","0","0","1","-1"
1780574137,"2","1","2","elite","shm_fury","Shaman","1","6","enemy","1","0","0","1","-1"
1780574139,"2","1","2","elite","shm_lightning","Shaman","1","6","enemy","0","0","0","1","-1"
1780574144,"2","1","2","elite","util_for","Unknown","1","7","all_allies","0","0","0","-1","-1"
1780574147,"2","1","2","elite","rog_backstab","Rogue","1","7","enemy","0","0","0","1","-1"
1780574151,"2","1","2","elite","grd_stance","Guardian","1","7","self","0","0","0","-1","-1"
1780574162,"2","1","2","elite","rog_stealth","Rogue","1","8","self","0","0","0","-1","-1"
1780574167,"2","1","2","elite","grd_shield_slam","Guardian","1","8","enemy","0","0","0","1","-1"
1780574287,"2","1","2","normal","util_for","Unknown","1","1","all_allies","1","0","0","-1","-1"
1780574301,"2","1","2","normal","rog_backstab","Rogue","1","1","enemy","0","0","0","1","-1"
1780574303,"2","1","2","normal","rog_poison","Rogue","1","1","enemy","0","0","0","1","-1"
1780574305,"2","1","2","normal","shm_lightning","Shaman","1","1","enemy","0","0","0","1","-1"
1780574311,"2","1","2","normal","shm_cataclysm","Shaman","4","2","all_enemies","1","0","0","-1","-1"
1780574316,"2","1","2","normal","shm_fury","Shaman","1","2","enemy","1","0","0","0","-1"
1780574323,"2","1","2","normal","rog_kick","Rogue","1","3","enemy","0","0","0","0","-1"
1780574333,"2","1","2","boss","shm_cataclysm","Shaman","4","1","all_enemies","1","0","0","-1","-1"
1780574337,"2","1","2","boss","grd_shield_slam","Guardian","1","1","enemy","0","0","0","1","-1"
1780574346,"2","1","2","boss","rog_assass","Rogue","4","2","enemy","1","0","0","0","-1"
1780574353,"2","1","2","boss","util_for","Unknown","1","3","all_allies","1","0","0","-1","-1"
1780574359,"2","1","2","boss","rog_kick","Rogue","1","3","enemy","0","0","0","0","-1"
1780574361,"2","1","2","boss","grd_shield_slam","Guardian","1","3","enemy","0","0","0","0","-1"
1780574368,"2","1","2","boss","shm_silence","Shaman","1","4","enemy","0","0","0","0","-1"
1780574370,"2","1","2","boss","rog_backstab","Rogue","1","4","enemy","0","0","0","0","-1"
1780574372,"2","1","2","boss","rog_poison","Rogue","1","4","enemy","0","0","0","0","-1"
1780574377,"2","1","2","boss","shm_fury","Shaman","1","5","enemy","1","0","0","0","-1"
1780574382,"2","1","2","boss","grd_bash","Guardian","2","5","enemy","0","0","0","0","-1"
1780574389,"2","1","2","boss","shm_silence","Shaman","1","6","enemy","0","0","0","0","-1"
1780574391,"2","1","2","boss","grd_shield_slam","Guardian","1","6","enemy","0","0","0","0","-1"
1780574395,"2","1","2","boss","util_for","Unknown","1","7","all_allies","1","0","0","-1","-1"
1780574398,"2","1","2","boss","shm_fury","Shaman","1","7","enemy","1","0","0","0","-1"
1780574453,"2","1","3","normal","rog_kick","Rogue","1","1","enemy","0","0","0","1","-1"
1780574458,"2","1","3","normal","rog_assass","Rogue","4","1","enemy","0","0","0","1","-1"
1780574474,"2","1","3","normal","rog_poison","Rogue","1","2","enemy","0","0","0","1","-1"
1780574476,"2","1","3","normal","grd_shield_slam","Guardian","1","2","enemy","0","0","0","1","-1"
1780574483,"2","1","3","normal","rog_backstab","Rogue","1","2","enemy","0","0","0","0","-1"
1780574490,"2","1","3","normal","grd_shield_slam","Guardian","1","3","enemy","0","0","0","0","-1"
1780574492,"2","1","3","normal","shm_lightning","Shaman","1","3","enemy","0","0","0","0","-1"
1780574503,"2","1","3","normal","rog_shadow","Rogue","3","4","enemy","1","0","0","0","-1"
1780574506,"2","1","3","normal","rog_kick","Rogue","1","4","enemy","0","0","0","0","-1"
1780574511,"2","1","3","normal","shm_cataclysm","Shaman","4","5","all_enemies","1","0","0","-1","-1"
1780574630,"2","1","3","elite","rog_assass","Rogue","4","1","enemy","2","0","0","0","-1"
1780574635,"2","1","3","elite","shm_silence","Shaman","1","1","enemy","0","0","0","1","-1"
1780574638,"2","1","3","elite","grd_shield_slam","Guardian","1","1","enemy","0","0","0","0","-1"
1780574647,"2","1","3","elite","rog_shadow","Rogue","3","2","enemy","1","0","0","0","-1"
1780574655,"2","1","3","elite","rog_kick","Rogue","1","3","enemy","0","0","0","0","-1"
1780574665,"2","1","3","elite","shm_chain","Shaman","2","4","ally","0","0","0","-1","1"
1780574674,"2","1","3","elite","shm_fury","Shaman","1","4","enemy","1","0","0","0","-1"
1780574681,"2","1","3","elite","rog_assass","Rogue","4","5","enemy","2","0","0","1","-1"
1780574734,"2","1","3","boss","shm_heal_totem","Shaman","1","1","self","0","0","0","-1","-1"
1780574737,"2","1","3","boss","grd_bash","Guardian","2","1","enemy","1","0","0","0","-1"
1780574744,"2","1","3","boss","rog_assass","Rogue","4","2","enemy","2","0","0","0","-1"
1780574748,"2","1","3","boss","util_for","Unknown","1","2","all_allies","1","0","0","-1","-1"
1780574754,"2","1","3","boss","shm_cataclysm","Shaman","4","3","all_enemies","2","0","0","-1","-1"
1780574760,"2","1","3","boss","rog_shadow","Rogue","3","4","enemy","1","0","0","0","-1"
1780574766,"2","1","3","boss","rog_kick","Rogue","1","5","enemy","0","0","0","0","-1"
1780574773,"2","1","3","boss","rog_backstab","Rogue","1","5","enemy","0","0","0","0","-1"
1780574823,"2","1","4","normal","shm_fury","Shaman","1","1","enemy","1","0","0","0","-1"
1780574826,"2","1","4","normal","grd_shield_slam","Guardian","1","1","enemy","0","0","0","0","-1"
1780574829,"2","1","4","normal","util_for","Unknown","1","1","all_allies","1","0","0","-1","-1"
1780574837,"2","1","4","normal","rog_assass","Rogue","4","2","enemy","2","0","0","0","-1"
1780574844,"2","1","4","normal","grd_bash","Guardian","2","3","enemy","1","0","0","1","-1"
1780574846,"2","1","4","normal","rog_shadow","Rogue","3","3","enemy","1","0","0","1","-1"
1780574854,"2","1","4","normal","rog_kick","Rogue","1","4","enemy","0","0","0","0","-1"
1780574867,"2","1","4","normal","rog_backstab","Rogue","1","5","enemy","0","0","0","0","-1"
1780574870,"2","1","4","normal","rog_poison","Rogue","1","5","enemy","0","0","0","0","-1"
1780574875,"2","1","4","normal","shm_cataclysm","Shaman","4","6","all_enemies","2","0","0","-1","-1"
1780574892,"2","1","4","normal","shm_heal_totem","Shaman","1","1","self","0","0","0","-1","-1"
1780574895,"2","1","4","normal","shm_chain","Shaman","2","1","ally","0","0","0","-1","1"
1780574898,"2","1","4","normal","rog_kick","Rogue","1","1","enemy","0","0","0","0","-1"
1780574900,"2","1","4","normal","rog_kick","Rogue","1","1","enemy","0","0","0","2","-1"
1780574909,"2","1","4","normal","rog_kick","Rogue","1","2","enemy","0","0","0","1","-1"
1780574918,"2","1","4","normal","shm_cataclysm","Shaman","4","3","all_enemies","2","0","0","-1","-1"
1780574927,"2","1","4","normal","rog_assass","Rogue","4","4","enemy","2","0","0","0","-1"
1780574930,"2","1","4","normal","rog_poison","Rogue","1","4","enemy","0","0","0","1","-1"
1780574940,"2","1","4","normal","shm_chain","Shaman","2","5","ally","0","0","0","-1","2"
1780574944,"2","1","4","normal","shm_lightning","Shaman","1","5","enemy","0","0","0","1","-1"
1780574958,"2","1","4","normal","shm_lightning","Shaman","1","1","enemy","0","0","0","0","-1"
1780574960,"2","1","4","normal","shm_fury","Shaman","1","1","enemy","1","0","0","0","-1"
1780574965,"2","1","4","normal","shm_silence","Shaman","1","1","enemy","0","0","0","0","-1"
1780574970,"2","1","4","normal","shm_cataclysm","Shaman","4","2","all_enemies","2","0","0","-1","-1"
1780574979,"2","1","4","normal","shm_silence","Shaman","1","3","enemy","0","0","0","0","-1"
1780574988,"2","1","4","normal","grd_bash","Guardian","2","3","enemy","1","0","0","0","-1"
1780574994,"2","1","4","normal","shm_cataclysm","Shaman","4","4","all_enemies","2","0","0","-1","-1"
1780575005,"2","1","4","normal","shm_heal_totem","Shaman","1","5","self","0","0","0","-1","-1"
1780575007,"2","1","4","normal","util_for","Unknown","1","5","all_allies","1","0","0","-1","-1"
1780575010,"2","1","4","normal","shm_cataclysm","Shaman","4","6","all_enemies","2","0","0","-1","-1"
1780575060,"2","1","4","elite","rog_assass","Rogue","4","1","enemy","2","0","0","0","-1"
1780575061,"2","1","4","elite","shm_heal_totem","Shaman","1","1","self","0","0","0","-1","-1"
1780575065,"2","1","4","elite","rog_kick","Rogue","1","1","enemy","0","0","0","1","-1"
1780575075,"2","1","4","elite","rog_shadow","Rogue","3","2","enemy","2","0","0","1","-1"
1780575090,"2","1","4","elite","shm_silence","Shaman","1","3","enemy","0","0","0","0","-1"
1780575094,"2","1","4","elite","rog_poison","Rogue","1","3","enemy","0","0","0","0","-1"
1780575096,"2","1","4","elite","shm_lightning","Shaman","1","3","enemy","0","0","0","0","-1"
1780575101,"2","1","4","elite","util_for","Unknown","1","4","all_allies","1","0","0","-1","-1"
1780575106,"2","1","4","elite","shm_cataclysm","Shaman","4","5","all_enemies","2","0","0","-1","-1"
1780575109,"2","1","4","elite","rog_backstab","Rogue","1","5","enemy","0","0","0","0","-1"
1780575197,"2","1","4","elite","shm_heal_totem","Shaman","1","1","self","0","0","0","-1","-1"
1780575204,"2","1","4","elite","rog_kick","Rogue","1","1","enemy","0","0","0","0","-1"
1780575206,"2","1","4","elite","rog_shadow","Rogue","3","1","enemy","2","0","0","1","-1"
1780575223,"2","1","4","elite","rog_assass","Rogue","4","2","enemy","2","0","0","0","-1"
1780575232,"2","1","4","elite","util_for","Unknown","1","3","all_allies","1","0","0","-1","-1"
1780575236,"2","1","4","elite","rog_kick","Rogue","1","3","enemy","0","0","0","0","-1"
1780575250,"2","1","4","elite","shm_chain","Shaman","2","4","ally","0","0","0","-1","1"
1780575258,"2","1","4","elite","shm_cataclysm","Shaman","4","5","all_enemies","2","0","0","-1","-1"
1780575261,"2","1","4","elite","rog_kick","Rogue","1","5","enemy","0","0","0","0","-1"
1780575266,"2","1","4","elite","rog_shadow","Rogue","3","6","enemy","2","0","0","0","-1"
1780575295,"2","1","4","normal","rog_assass","Rogue","4","1","enemy","2","0","0","0","-1"
1780575300,"2","1","4","normal","shm_cataclysm","Shaman","4","2","all_enemies","2","0","0","-1","-1"
1780575311,"2","1","4","normal","shm_fury","Shaman","1","2","enemy","1","0","0","0","-1"
1780575316,"2","1","4","normal","rog_shadow","Rogue","3","3","enemy","2","0","0","1","-1"
1780575327,"2","1","4","boss","rog_assass","Rogue","4","1","enemy","2","0","0","0","-1"
1780575328,"2","1","4","boss","shm_heal_totem","Shaman","1","1","self","0","0","0","-1","-1"
1780575333,"2","1","4","boss","shm_cataclysm","Shaman","4","2","all_enemies","2","0","0","-1","-1"
1780575343,"2","1","4","boss","grd_bash","Guardian","2","3","enemy","1","0","0","0","-1"
1780575352,"2","1","4","boss","util_for","Unknown","1","4","all_allies","1","0","0","-1","-1"
1780575355,"2","1","4","boss","grd_shield_slam","Guardian","1","4","enemy","0","0","0","0","-1"
1780575363,"2","1","4","boss","util_battle_plan","Unknown","0","5","self","0","1","1","-1","-1"
1780575369,"2","1","4","boss","rog_shadow","Rogue","3","5","enemy","2","0","0","0","-1"
1780575379,"2","1","4","boss","rog_assass","Rogue","4","6","enemy","2","0","0","0","-1"
1780577089,"3","2","1","normal","wlk_corruption","Warlock","1","1","enemy","0","0","0","0","-1"
1780577096,"3","2","1","normal","rng_trap","Ranger","1","1","enemy","0","0","0","0","-1"
1780577099,"3","2","1","normal","wlk_drain_life","Warlock","1","1","enemy","0","0","0","0","-1"
1780577104,"3","2","1","normal","wlk_shadow_bolt","Warlock","1","1","enemy","0","0","0","0","-1"
1780577509,"3","2","1","normal","rng_trap","Ranger","1","1","enemy","0","0","0","0","-1"
1780577511,"3","2","1","normal","wlk_drain_life","Warlock","1","1","enemy","0","0","0","0","-1"
1780577513,"3","2","1","normal","mag_missiles","Mage","1","1","enemy","0","0","0","0","-1"
1780577518,"3","2","1","normal","rng_aim","Ranger","2","1","enemy","0","0","0","0","-1"
1780577527,"3","2","1","normal","wlk_shadow_bolt","Warlock","1","1","enemy","0","0","0","0","-1"
1780577571,"3","2","1","elite","rng_multishot","Ranger","1","1","all_enemies","0","0","0","-1","-1"
1780577574,"3","2","1","elite","mag_scorch","Mage","0","1","enemy","0","0","0","0","-1"
1780577576,"3","2","1","elite","wlk_drain_life","Warlock","1","1","enemy","0","0","0","0","-1"
1780577577,"3","2","1","elite","wlk_life_tap","Warlock","0","1","self","0","0","0","-1","-1"
1780577579,"3","2","1","elite","rng_rain","Ranger","4","1","all_enemies","0","0","0","-1","-1"
1780577587,"3","2","1","elite","rng_shot","Ranger","1","1","enemy","0","0","0","1","-1"
1780577593,"3","2","1","elite","wlk_corruption","Warlock","1","2","enemy","0","0","0","0","-1"
1780577596,"3","2","1","elite","rng_trap","Ranger","1","2","enemy","0","0","0","0","-1"
1780577603,"3","2","1","elite","mag_scorch","Mage","0","2","enemy","0","0","0","1","-1"
1780577606,"3","2","1","elite","mag_frostbolt","Mage","1","2","enemy","0","0","0","1","-1"
1780577612,"3","2","1","elite","wlk_life_tap","Warlock","0","3","self","0","0","0","-1","-1"
1780577618,"3","2","1","elite","wlk_drain_life","Warlock","1","3","enemy","0","0","0","1","-1"
1780577621,"3","2","1","elite","mag_missiles","Mage","1","3","enemy","0","0","0","0","-1"
1780577624,"3","2","1","elite","wlk_shadow_bolt","Warlock","1","3","enemy","0","0","0","0","-1"
1780577628,"3","2","1","elite","rng_shot","Ranger","1","3","enemy","0","0","0","0","-1"
1780577646,"3","2","1","elite","mag_frostbolt","Mage","1","4","enemy","0","0","0","0","-1"
1780577710,"3","2","1","boss","rng_rain","Ranger","4","1","all_enemies","1","0","0","-1","-1"
1780577717,"3","2","1","boss","wlk_corruption","Warlock","1","1","enemy","0","0","0","0","-1"
1780577720,"3","2","1","boss","rng_shot","Ranger","1","1","enemy","0","0","0","0","-1"
1780577727,"3","2","1","boss","rng_trap","Ranger","1","2","enemy","0","0","0","1","-1"
1780577732,"3","2","1","boss","wlk_life_tap","Warlock","0","2","self","0","0","0","-1","-1"
1780577740,"3","2","1","boss","mag_scorch","Mage","0","2","enemy","0","0","0","1","-1"
1780577743,"3","2","1","boss","mag_missiles","Mage","1","2","enemy","0","0","0","1","-1"
1780577749,"3","2","1","boss","mag_fireball","Mage","2","2","enemy","0","0","0","1","-1"
1780577773,"3","2","1","boss","wlk_drain_life","Warlock","1","3","enemy","0","0","0","1","-1"
1780577777,"3","2","1","boss","mag_frostbolt","Mage","1","3","enemy","0","0","0","1","-1"
1780577792,"3","2","1","boss","rng_rain","Ranger","4","4","all_enemies","1","0","0","-1","-1"
1780577800,"3","2","1","boss","wlk_corruption","Warlock","1","5","enemy","0","0","0","0","-1"
1780577803,"3","2","1","boss","wlk_drain_life","Warlock","1","5","enemy","0","0","0","0","-1"
1780577805,"3","2","1","boss","wlk_life_tap","Warlock","0","5","self","0","0","0","-1","-1"
1780577807,"3","2","1","boss","mag_fireball","Mage","2","5","enemy","0","0","0","0","-1"
1780588728,"3","2","1","normal","wlk_life_tap","Warlock","0","1","self","0","0","0","-1","2"
1780588735,"3","2","1","normal","wlk_drain_life","Warlock","1","1","enemy","0","0","0","0","-1"
1780588741,"3","2","1","normal","wlk_corruption","Warlock","1","1","enemy","0","0","0","0","-1"
1780588746,"3","2","1","normal","mag_frostbolt","Mage","1","1","enemy","0","0","0","0","-1"
1780656069,"3","2","1","normal","wlk_corruption","Warlock","1","2","enemy","0","0","0","0","-1"
1780656073,"3","2","1","normal","mag_scorch","Mage","0","2","enemy","0","0","0","0","-1"
1780656079,"3","2","1","normal","wlk_drain_life","Warlock","1","2","enemy","0","0","0","0","-1"
1780656082,"3","2","1","normal","clr_smite","Cleric","1","2","enemy","0","0","0","0","-1"
1780656084,"3","2","1","normal","wlk_shadow_bolt","Warlock","1","2","enemy","0","0","0","0","-1"
1780656145,"3","2","1","elite","wlk_dark_pact","Warlock","1","1","self","0","0","0","-1","2"
1780656241,"3","2","1","elite","wlk_shadow_bolt","Warlock","1","1","enemy","1","0","0","0","-1"
1780656242,"3","2","1","elite","mag_frostbolt","Mage","1","1","enemy","0","0","0","0","-1"
1780656245,"3","2","1","elite","clr_renew","Cleric","1","1","ally","0","0","0","-1","1"
1780656248,"3","2","1","elite","clr_smite","Cleric","1","2","enemy","0","0","0","0","-1"
1780656249,"3","2","1","elite","mag_missiles","Mage","1","2","enemy","0","0","0","0","-1"
1780656251,"3","2","1","elite","wlk_life_tap","Warlock","0","2","self","0","0","0","-1","2"
1780656253,"3","2","1","elite","wlk_drain_life","Warlock","1","2","enemy","1","0","0","0","-1"
1780656253,"3","2","1","elite","wlk_shadow_bolt","Warlock","1","2","enemy","1","0","0","0","-1"
1780656256,"3","2","1","elite","wlk_corruption","Warlock","1","3","enemy","0","0","0","1","-1"
1780656257,"3","2","1","elite","mag_fireball","Mage","2","3","enemy","0","0","0","0","-1"
1780656258,"3","2","1","elite","mag_frostbolt","Mage","1","3","enemy","0","0","0","0","-1"
1780656260,"3","2","1","elite","clr_renew","Cleric","1","3","ally","0","0","0","-1","2"
1780656263,"3","2","1","elite","wlk_shadow_bolt","Warlock","1","4","enemy","1","0","0","1","-1"
1780656264,"3","2","1","elite","mag_scorch","Mage","0","4","enemy","0","0","0","1","-1"
1780656265,"3","2","1","elite","wlk_dark_pact","Warlock","1","4","self","0","0","0","-1","2"
1780753604,"0","0","1","boss","mag_scorch","Mage","0","1","enemy","1","0","0","0","-1"
1780753605,"0","0","1","boss","mag_frostbolt","Mage","1","1","enemy","0","0","0","0","-1"
1780753607,"0","0","1","boss","mag_fireball","Mage","2","1","enemy","0","0","0","0","-1"
1780753615,"0","0","1","boss","mag_fireball","Mage","2","2","enemy","0","0","0","0","-1"
1780753680,"0","0","1","boss","mag_scorch","Mage","0","11","enemy","1","0","0","0","-1"
1780753683,"0","0","1","boss","mag_missiles","Mage","1","11","enemy","0","0","0","0","-1"
1780753684,"0","0","1","boss","mag_fireball","Mage","2","11","enemy","0","0","0","0","-1"
1780753690,"0","0","1","boss","mag_scorch","Mage","0","12","enemy","1","0","0","0","-1"
1780753691,"0","0","1","boss","clr_smite","Cleric","1","12","enemy","0","0","0","0","-1"
1780753693,"0","0","1","boss","mag_frostbolt","Mage","1","12","enemy","0","0","0","0","-1"
1780753694,"0","0","1","boss","grd_shield_slam","Guardian","1","12","enemy","0","0","0","0","-1"
1780753697,"0","0","1","boss","mag_fireball","Mage","2","13","enemy","0","0","0","0","-1"
1780753706,"0","0","1","boss","mag_meteor","Mage","4","13","all_enemies","0","0","0","-1","-1"
1780753710,"0","0","1","boss","mag_frostbolt","Mage","1","14","enemy","0","0","0","0","-1"
1780753712,"0","0","1","boss","mag_missiles","Mage","1","14","enemy","0","0","0","0","-1"
1780753717,"0","0","1","boss","clr_smite","Cleric","1","15","enemy","0","0","0","0","-1"
1780753720,"0","0","1","boss","grd_shield_slam","Guardian","1","15","enemy","0","0","0","0","-1"
1780753722,"0","0","1","boss","mag_fireball","Mage","2","15","enemy","0","0","0","0","-1"
1780753727,"0","0","1","boss","grd_shield_slam","Guardian","1","16","enemy","0","0","0","0","-1"
1780753729,"0","0","1","boss","mag_scorch","Mage","0","16","enemy","1","0","0","0","-1"
1780753733,"0","0","1","boss","clr_smite","Cleric","1","17","enemy","0","0","0","0","-1"
1780753735,"0","0","1","boss","mag_missiles","Mage","1","17","enemy","0","0","0","0","-1"
1780753737,"0","0","1","boss","mag_frostbolt","Mage","1","17","enemy","0","0","0","0","-1"
1780753791,"0","0","1","boss","mag_fireball","Mage","2","1","enemy","0","0","0","0","-1"
1780753793,"0","0","1","boss","clr_smite","Cleric","1","1","enemy","0","0","0","0","-1"
1780753806,"0","0","1","boss","mag_meteor","Mage","4","2","all_enemies","0","0","0","-1","-1"
1780753807,"0","0","1","boss","grd_shield_slam","Guardian","1","2","enemy","0","0","0","0","-1"
1780753810,"0","0","1","boss","mag_missiles","Mage","1","2","enemy","0","0","0","0","-1"
1780753822,"0","0","1","boss","clr_smite","Cleric","1","3","enemy","0","0","0","0","-1"
1780753825,"0","0","1","boss","clr_heal","Cleric","1","3","ally","1","0","0","-1","2"
1780753828,"0","0","1","boss","grd_stance","Guardian","1","3","self","0","0","0","-1","0"
1780754106,"0","0","1","boss","clr_heal","Cleric","1","4","ally","1","0","0","-1","2"
1780754112,"0","0","1","boss","mag_scorch","Mage","0","4","enemy","1","0","0","0","-1"
1780754123,"0","0","1","boss","grd_stance","Guardian","1","5","self","0","0","0","-1","0"
1780754127,"0","0","1","boss","grd_shield_slam","Guardian","1","5","enemy","0","0","0","0","-1"
1780754136,"0","0","1","boss","clr_renew","Cleric","1","6","ally","0","0","0","-1","2"
1780754139,"0","0","1","boss","clr_smite","Cleric","1","6","enemy","0","0","0","0","-1"
1780754140,"0","0","1","boss","grd_fortress","Guardian","4","6","all_allies","0","0","0","-1","-1"
1780754152,"0","0","1","boss","grd_shield_slam","Guardian","1","7","enemy","0","0","0","0","-1"
1780754154,"0","0","1","boss","mag_fireball","Mage","2","7","enemy","0","0","0","0","-1"
1780754162,"0","0","1","boss","mag_scorch","Mage","0","8","enemy","1","0","0","0","-1"
1780754167,"0","0","1","boss","clr_renew","Cleric","1","8","ally","0","0","0","-1","2"
1780754173,"0","0","1","boss","grd_shield_slam","Guardian","1","9","enemy","0","0","0","0","-1"
1780754177,"0","0","1","boss","mag_frostbolt","Mage","1","9","enemy","0","0","0","0","-1"
1780754179,"0","0","1","boss","clr_smite","Cleric","1","9","enemy","0","0","0","0","-1"
1780754183,"0","0","1","boss","mag_scorch","Mage","0","10","enemy","1","0","0","0","-1"
1780754186,"0","0","1","boss","clr_smite","Cleric","1","10","enemy","0","0","0","0","-1"
1780754189,"0","0","1","boss","clr_heal","Cleric","1","10","ally","1","0","0","-1","2"
1780754198,"0","0","1","boss","clr_renew","Cleric","1","11","ally","0","0","0","-1","2"
1780754200,"0","0","1","boss","mag_meteor","Mage","4","11","all_enemies","0","0","0","-1","-1"
1780754202,"0","0","1","boss","mag_frostbolt","Mage","1","11","enemy","0","0","0","0","-1"
1780754217,"0","0","1","boss","mag_fireball","Mage","2","12","enemy","0","0","0","0","-1"
1780754219,"0","0","1","boss","mag_frostbolt","Mage","1","12","enemy","0","0","0","0","-1"
1780754225,"0","0","1","boss","clr_smite","Cleric","1","13","enemy","0","0","0","0","-1"
1780754229,"0","0","1","boss","mag_scorch","Mage","0","13","enemy","1","0","0","0","-1"
1780754370,"0","0","1","boss","grd_fortress","Guardian","5","1","all_allies","0","0","0","-1","-1"
1780754377,"0","0","1","boss","clr_smite","Cleric","2","2","enemy","0","0","0","0","-1"
1780770258,"0","0","1","normal","clr_smite","Cleric","1","1","enemy","1","0","0","0","-1"
1780770260,"0","0","1","normal","mag_frostbolt","Mage","1","1","enemy","0","0","0","0","-1"
1780770262,"0","0","1","normal","mag_fireball","Mage","2","1","enemy","0","0","0","0","-1"
1780770266,"0","0","1","normal","clr_smite","Cleric","1","1","enemy","0","0","0","0","-1"
1780770279,"0","0","1","normal","mag_meteor","Mage","4","2","all_enemies","1","0","0","-1","-1"
1780770286,"0","0","1","normal","mag_scorch","Mage","0","3","enemy","1","0","0","0","-1"
1780770288,"0","0","1","normal","grd_shield_slam","Guardian","1","3","enemy","0","0","0","0","-1"
1780770289,"0","0","1","normal","grd_taunt","Guardian","1","3","self","0","0","0","-1","0"
1780770290,"0","0","1","normal","grd_stance","Guardian","1","3","self","0","0","0","-1","0"
1780770294,"0","0","1","normal","grd_taunt","Guardian","1","4","self","0","0","0","-1","0"
1780770297,"0","0","1","normal","grd_shield_slam","Guardian","1","4","enemy","0","0","0","0","-1"
1780770298,"0","0","1","normal","clr_smite","Cleric","1","4","enemy","1","0","0","0","-1"
1780770304,"0","0","1","normal","mag_scorch","Mage","0","5","enemy","1","0","0","0","-1"
1780770306,"0","0","1","normal","mag_frostbolt","Mage","1","5","enemy","0","0","0","0","-1"
1780770307,"0","0","1","normal","grd_stance","Guardian","1","5","self","0","0","0","-1","0"
1780770314,"0","0","1","normal","clr_renew","Cleric","1","6","ally","0","0","0","-1","2"
1780770316,"0","0","1","normal","clr_heal","Cleric","1","6","ally","0","0","0","-1","2"
1780770319,"0","0","1","normal","mag_frostbolt","Mage","1","6","enemy","0","0","0","0","-1"
1780770321,"0","0","1","normal","mag_missiles","Mage","1","6","enemy","0","0","0","0","-1"
1780770326,"0","0","1","normal","clr_smite","Cleric","1","7","enemy","0","0","0","0","-1"
1780770328,"0","0","1","normal","grd_shield_slam","Guardian","1","7","enemy","0","0","0","0","-1"
1780770337,"0","0","1","normal","grd_taunt","Guardian","1","8","self","0","0","0","-1","0"
1780770340,"0","0","1","normal","mag_scorch","Mage","0","8","enemy","1","0","0","0","-1"
1780770342,"0","0","1","normal","clr_smite","Cleric","1","8","enemy","1","0","0","0","-1"
1780770344,"0","0","1","normal","clr_smite","Cleric","1","8","enemy","0","0","0","0","-1"
1780770357,"0","0","1","normal","grd_shield_slam","Guardian","1","9","enemy","0","0","0","0","-1"
1780770360,"0","0","1","normal","mag_fireball","Mage","2","9","enemy","0","0","0","0","-1"
1780770363,"0","0","1","normal","mag_missiles","Mage","1","9","enemy","0","0","0","0","-1"
1780770369,"0","0","1","normal","clr_smite","Cleric","1","10","enemy","1","0","0","0","-1"
1780770395,"0","0","1","normal","mag_fireball","Mage","2","1","enemy","0","0","0","0","-1"
1780770398,"0","0","1","normal","grd_stance","Guardian","1","1","self","0","0","0","-1","0"
1780770400,"0","0","1","normal","clr_smite","Cleric","1","1","enemy","1","0","0","0","-1"
1780770402,"0","0","1","normal","clr_smite","Cleric","1","1","enemy","0","0","0","0","-1"
1780770405,"0","0","1","normal","clr_renew","Cleric","1","1","ally","0","0","0","-1","2"
1780770418,"0","0","1","normal","mag_frostbolt","Mage","1","2","enemy","0","0","0","0","-1"
1780770420,"0","0","1","normal","grd_stance","Guardian","1","2","self","0","0","0","-1","0"
1780770444,"0","0","1","normal","clr_smite","Cleric","1","3","enemy","0","0","0","1","-1"
1780770448,"0","0","1","normal","grd_shield_slam","Guardian","1","3","enemy","0","0","0","2","-1"
1780770460,"0","0","1","normal","mag_frostbolt","Mage","1","4","enemy","0","0","0","2","-1"
1780770463,"0","0","1","normal","mag_scorch","Mage","0","4","enemy","1","0","0","1","-1"
1780770464,"0","0","1","normal","clr_smite","Cleric","1","4","enemy","1","0","0","0","-1"
1780770466,"0","0","1","normal","mag_fireball","Mage","2","4","enemy","0","0","0","0","-1"
1780770470,"0","0","1","normal","clr_smite","Cleric","1","5","enemy","0","0","0","0","-1"
1780775420,"0","0","1","boss","mag_scorch","Mage","0","1","enemy","2","0","0","0","-1"
1780775421,"0","0","1","boss","clr_smite","Cleric","1","1","enemy","2","0","0","0","-1"
1780775424,"0","0","1","boss","grd_shield_slam","Guardian","1","1","enemy","2","0","0","0","-1"
1780775427,"0","0","1","boss","mag_meteor","Mage","4","1","all_enemies","0","0","0","-1","-1"
1780775456,"0","0","1","boss","clr_smite","Cleric","1","3","enemy","2","0","0","1","-1"
1780775458,"0","0","1","boss","grd_shield_slam","Guardian","1","3","enemy","2","0","0","0","-1"
1780775459,"0","0","1","boss","mag_missiles","Mage","1","3","enemy","2","0","0","0","-1"
1780775460,"0","0","1","boss","mag_scorch","Mage","0","3","enemy","2","0","0","0","-1"
1780775462,"0","0","1","boss","mag_frostbolt","Mage","1","4","enemy","2","0","0","0","-1"
1780775463,"0","0","1","boss","mag_fireball","Mage","2","4","enemy","2","0","0","0","-1"
1780775463,"0","0","1","boss","clr_smite","Cleric","1","4","enemy","2","0","0","0","-1"
1780775465,"0","0","1","boss","grd_taunt","Guardian","1","4","self","0","0","0","-1","0"
1780775465,"0","0","1","boss","grd_stance","Guardian","1","4","self","0","0","0","-1","0"
1780786900,"0","0","1","boss","grd_stance","Guardian","1","1","self","0","0","0","-1","0"
1780786902,"0","0","1","boss","mag_scorch","Mage","0","1","enemy","2","0","0","0","-1"
1780786903,"0","0","1","boss","clr_smite","Cleric","1","1","enemy","2","0","0","0","-1"
1780786905,"0","0","1","boss","mag_frostbolt","Mage","1","1","enemy","2","0","0","0","-1"
1780786918,"0","0","1","boss","clr_renew","Cleric","1","2","ally","0","0","0","-1","2"
1780786932,"0","0","1","boss","mag_scorch","Mage","0","4","enemy","2","0","0","0","-1"
1780786933,"0","0","1","boss","mag_fireball","Mage","2","4","enemy","2","0","0","0","-1"
1780786935,"0","0","1","boss","mag_frostbolt","Mage","1","4","enemy","2","0","0","0","-1"
1780786936,"0","0","1","boss","grd_stance","Guardian","1","4","self","0","0","0","-1","0"
1780786949,"0","0","1","boss","grd_shield_slam","Guardian","1","5","enemy","0","0","0","0","-1"
1780786950,"0","0","1","boss","clr_smite","Cleric","1","5","enemy","2","0","0","0","-1"
1780786954,"0","0","1","boss","clr_heal","Cleric","1","5","ally","2","0","0","-1","2"
1780786973,"0","0","1","boss","mag_meteor","Mage","4","9","all_enemies","2","0","0","-1","-1"
1780786988,"0","0","1","boss","mag_meteor","Mage","4","15","all_enemies","2","0","0","-1","-1"
1780786992,"0","0","1","boss","mag_missiles","Mage","1","15","enemy","2","0","0","0","-1"
1780786996,"0","0","1","boss","mag_scorch","Mage","0","15","enemy","2","0","0","0","-1"
1780787002,"0","0","1","boss","mag_frostbolt","Mage","1","15","enemy","2","0","0","0","-1"
1780787009,"0","0","1","boss","mag_fireball","Mage","2","16","enemy","2","0","0","0","-1"
1780787011,"0","0","1","boss","clr_smite","Cleric","1","16","enemy","2","0","0","0","-1"
1780787016,"0","0","1","boss","mag_frostbolt","Mage","1","17","enemy","2","0","0","0","-1"
1780787018,"0","0","1","boss","mag_missiles","Mage","1","17","enemy","2","0","0","0","-1"
1780787020,"0","0","1","boss","grd_provoke","Guardian","0","17","self","0","0","0","-1","0"
1780787021,"0","0","1","boss","grd_taunt","Guardian","1","17","self","0","0","0","-1","0"
1780787031,"0","0","1","boss","mag_scorch","Mage","0","18","enemy","2","0","0","2","-1"
1780787037,"0","0","1","boss","grd_taunt","Guardian","1","19","self","0","0","0","-1","0"
1780787038,"0","0","1","boss","grd_provoke","Guardian","0","19","self","0","0","0","-1","0"
1780787046,"0","0","1","boss","mag_meteor","Mage","4","20","all_enemies","2","0","0","-1","-1"
1780788798,"0","0","1","normal","clr_smite","Cleric","1","1","enemy","0","0","0","0","-1"
1780788799,"0","0","1","normal","grd_taunt","Guardian","1","1","self","0","0","0","-1","0"
1780788802,"0","0","1","normal","grd_shield_slam","Guardian","1","1","enemy","0","0","0","0","-1"
1780791571,"0","0","1","normal","mag_fireball","Mage","2","1","enemy","0","0","0","1","-1"
1780791572,"0","0","1","normal","clr_smite","Cleric","1","1","enemy","0","0","0","1","-1"
1780791573,"0","0","1","normal","grd_stance","Guardian","1","1","self","0","0","0","-1","0"
1780791579,"0","0","1","normal","mag_fireball","Mage","2","2","enemy","0","0","0","1","-1"
1780791582,"0","0","1","normal","mag_missiles","Mage","1","2","enemy","0","0","0","1","-1"
1780791590,"0","0","1","normal","clr_smite","Cleric","1","3","enemy","0","0","0","0","-1"
1780791591,"0","0","1","normal","grd_shield_slam","Guardian","1","3","enemy","0","0","0","0","-1"
1780791593,"0","0","1","normal","grd_provoke","Guardian","0","3","self","0","0","0","-1","0"
1780791597,"0","0","1","normal","grd_shield_slam","Guardian","1","4","enemy","0","0","0","2","-1"
1780791599,"0","0","1","normal","mag_scorch","Mage","0","4","enemy","0","0","0","1","-1"
1780791618,"0","0","1","normal","mag_missiles","Mage","1","7","enemy","0","0","0","2","-1"
1780791620,"0","0","1","normal","mag_frostbolt","Mage","1","7","enemy","0","0","0","0","-1"
1780791622,"0","0","1","normal","grd_shield_slam","Guardian","1","7","enemy","0","0","0","0","-1"
1780791856,"0","0","1","normal","clr_smite","Cleric","2","1","enemy","0","0","0","1","-1"
1780791858,"0","0","1","normal","grd_shield_slam","Guardian","2","1","enemy","0","0","0","1","-1"
1780791868,"0","0","1","normal","grd_shield_slam","Guardian","2","2","enemy","0","0","0","1","-1"
1780791882,"0","0","1","normal","mag_missiles","Mage","2","3","enemy","0","0","0","1","-1"
1780791883,"0","0","1","normal","mag_scorch","Mage","0","3","enemy","0","0","0","1","-1"
1780791887,"0","0","1","normal","mag_frostbolt","Mage","1","3","enemy","0","0","0","1","-1"
1780791888,"0","0","1","normal","grd_provoke","Guardian","0","3","self","0","0","0","-1","0"
1780791897,"0","0","1","normal","mag_fireball","Mage","3","5","enemy","0","0","0","1","-1"
1780791900,"0","0","1","normal","mag_scorch","Mage","0","5","enemy","0","0","0","1","-1"
1780791903,"0","0","1","normal","grd_shield_slam","Guardian","2","6","enemy","0","0","0","1","-1"
1780791905,"0","0","1","normal","grd_provoke","Guardian","0","6","self","0","0","0","-1","0"
1780791910,"0","0","1","normal","clr_smite","Cleric","2","7","enemy","0","0","0","1","-1"
1780791917,"0","0","1","normal","mag_missiles","Mage","2","9","enemy","0","0","0","1","-1"
1780791922,"0","0","1","normal","mag_scorch","Mage","0","9","enemy","0","0","0","1","-1"
1780791924,"0","0","1","normal","clr_smite","Cleric","1","9","enemy","0","0","0","1","-1"
1780791925,"0","0","1","normal","grd_provoke","Guardian","0","9","self","0","0","0","-1","0"
1780791937,"0","0","1","normal","mag_scorch","Mage","1","11","enemy","0","0","0","1","-1"
1780791941,"0","0","1","normal","mag_frostbolt","Mage","3","11","enemy","0","0","0","1","-1"
1780791948,"0","0","1","normal","mag_scorch","Mage","2","13","enemy","0","0","0","1","-1"
1780791975,"0","0","1","normal","clr_renew","Cleric","3","20","ally","0","0","0","-1","1"
1780792577,"0","0","1","normal","rng_rain","Ranger","4","1","all_enemies","2","0","0","-1","-1"
1780792578,"0","0","1","normal","card_prismatic_burst","Mage","2","1","all_enemies","2","1","0","-1","-1"
1780792591,"0","0","1","normal","rng_aim","Ranger","2","1","enemy","2","0","0","1","-1"
1780792599,"0","0","1","normal","wlk_death_mark","Warlock","1","1","enemy","0","0","0","1","-1"
1780792608,"0","0","1","normal","wlk_life_tap","Warlock","0","1","enemy","0","0","0","1","-1"
1780792616,"0","0","1","normal","rng_trap","Ranger","1","2","enemy","0","0","0","1","-1"
1780792617,"0","0","1","normal","mag_missiles","Mage","1","2","enemy","0","0","0","1","-1"
1780792631,"0","0","1","normal","card_prismatic_burst","Mage","3","2","all_enemies","2","1","0","-1","-1"
1780792634,"0","0","1","normal","wlk_life_tap","Warlock","1","2","enemy","0","0","0","2","-1"
1780792642,"0","0","1","normal","wlk_virulence","Warlock","2","3","self","0","0","0","-1","0"
1780792643,"0","0","1","normal","wlk_life_tap","Warlock","1","3","enemy","0","0","0","0","-1"
1780792649,"0","0","1","normal","wlk_shadow_bolt","Warlock","1","4","enemy","2","0","0","1","-1"
1780792652,"0","0","1","normal","wlk_life_tap","Warlock","0","4","enemy","0","0","0","1","-1"
1780792653,"0","0","1","normal","wlk_life_tap","Warlock","0","4","enemy","0","0","0","1","-1"
1780792662,"0","0","1","normal","wlk_life_tap","Warlock","0","4","self","0","0","0","-1","0"
1780792670,"0","0","1","normal","wlk_dark_harvest","Warlock","2","5","self","2","0","0","-1","0"
1780792672,"0","0","1","normal","rng_trap","Ranger","1","5","enemy","0","0","0","1","-1"
1780792674,"0","0","1","normal","wlk_life_tap","Warlock","0","5","enemy","0","0","0","1","-1"
1780792676,"0","0","1","normal","wlk_virulence","Warlock","1","5","self","0","0","0","-1","0"
1780792684,"0","0","1","normal","rng_shot","Ranger","1","6","enemy","2","0","0","1","-1"
1780792685,"0","0","1","normal","rng_aim","Ranger","2","6","enemy","2","0","0","0","-1"
1780792686,"0","0","1","normal","mag_scorch","Mage","0","6","enemy","0","0","0","2","-1"
1780792688,"0","0","1","normal","rng_rain","Ranger","4","7","all_enemies","2","0","0","-1","-1"
1780792691,"0","0","1","normal","mag_scorch","Mage","0","7","enemy","0","0","0","1","-1"
1780792691,"0","0","1","normal","mag_missiles","Mage","1","7","enemy","0","0","0","1","-1"
1780792696,"0","0","1","normal","rng_trap","Ranger","1","8","enemy","0","0","0","1","-1"
1780792697,"0","0","1","normal","rng_aim","Ranger","2","8","enemy","2","0","0","1","-1"
1780792703,"0","0","1","normal","mag_scorch","Mage","0","9","enemy","0","0","0","1","-1"
1780792704,"0","0","1","normal","mag_missiles","Mage","1","9","enemy","0","0","0","1","-1"
1780792706,"0","0","1","normal","mag_fireball","Mage","2","9","enemy","0","0","0","1","-1"
1780792710,"0","0","1","normal","mag_scorch","Mage","0","10","enemy","0","0","0","1","-1"
1780792720,"0","0","1","normal","rng_shot","Ranger","1","10","enemy","2","0","0","2","-1"
1780792722,"0","0","1","normal","mag_frostbolt","Mage","1","10","enemy","0","0","0","2","-1"
1780792724,"0","0","1","normal","mag_missiles","Mage","1","10","enemy","0","0","0","0","-1"
1780792727,"0","0","1","normal","mag_fireball","Mage","2","11","enemy","0","0","0","0","-1"
1780792731,"0","0","1","normal","mag_scorch","Mage","0","12","enemy","0","0","0","1","-1"
1780792731,"0","0","1","normal","mag_frostbolt","Mage","1","12","enemy","0","0","0","1","-1"
1780792732,"0","0","1","normal","mag_missiles","Mage","1","12","enemy","0","0","0","1","-1"
1780792733,"0","0","1","normal","mag_fireball","Mage","2","12","enemy","0","0","0","1","-1"
1780792736,"0","0","1","normal","mag_scorch","Mage","0","13","enemy","0","0","0","1","-1"
1780792736,"0","0","1","normal","mag_missiles","Mage","1","13","enemy","0","0","0","1","-1"
1780792737,"0","0","1","normal","mag_frostbolt","Mage","1","13","enemy","0","0","0","1","-1"
